,,,,,,,,,,,,,,,,,,,,,,,,,,,,,,,,,,,
Damage Formula,,,,,,,,,,,,,,,,,,,,,,,,,,,,,,,,,,,
,"This section will help you understand how damage gets calculated in Octopath Traveler 2. The following formulas are simplified version which abstract [Ability Ratio] and [Invocation Ratio]. You will be able to find theses values in the Job section if you scroll to the right side, should you want to push your understanding even further.

    Damage_Output = [Base Damage] x [Skill Ratio] x [Level Multiplier] x [Multiplier_XYZ] x [Random(0.98 to 1.02)]

Basically the [Base Damage] gets multiplied by various factors. Let's first see how base damage gets calculated.
Depending which skill you are using it will either work with Physical or Elemental Attack/Defense respectively

    [Base Damage] (Physical) = [Phys. Att.] - ([Phys. Def]  * [Def. Mod] / 2)
    [Base Damage] (Elemental) = [Elem. Att.] - ([Elem. Def] * [Def. Mod] / 2)

The [Def. Mod] (defense modifier), is speccific to each skills (see the Job section to get values for each skills). This is a modifier that penetrate defense (negative value) or in other cases it actually enhance your target's defense (positive value).

You can increase your base Damage by leveling up, eating nuts or equipping better gear.
Understanding the formulas, it takes 2 points in defense to negate 1 point in base offense (not factoring Def. Mod). The weakest enemies generally have around 75 to 90 in their defense stats. Thoughest enemies, some of them have around 400 to 500 in their defense stat and sometimes even higher. For speccific info check out the ""Enemies"" tab.

To get [Skill Ratio] information you can check the ""Job"" section where every skills are displayed.
The [Level Multiplier] information is displayed further down below in this section.
The [Random(0.98 to 1.02)], this just means the output will have a randomize element in it making the output varies around 4% (2% below or 2% above)
The [Multiplier_XYZ], is all the other multiplier that can increase damage. They all stack up multiplicatively unless they are of the same kind. For example if you have 2 weapon that adds +30% damage, combined together they actually add +60%. All these multiplier will be described in their respective section.

Other Multiplier
    [Crit]: if you successfully land a critical strike, damage is 'usually' increased by +25%. However there's a few exception... Warrior skill ""Enervating Slash"" has its crit multiplier only at +20%. Also many ""Learned skills"" from hikari has Crit. Multiplier at +50% (see the Learned Skill section to get details). Normally Spells doesn't crit unless you get a buff/debuff that force a crit hit. (Spells also crit at +25% in that case)
    [Weakness]: if you hit a weakness, damage is increased by +30%
    [Broken]: if target is broken, damage is increased by +100% (Weakness multiplier doesn't stack over this)
    [phys/elem. Attack buff]: attack buff increase damage by +50%
    [phys/elem. Defense debuff]: defense debuff increase damage by +50%
    [phys/elem. Attack debuff]: attack debuff decrease damage by -33%
    [phys/elem. Defense buff]: defense buff decrease damage by -33%",,,,,,,,,,,,,,,,,,,,,,,,,,,,,,,,,,
,,,,,,,,,,,,,,,,,,,,,,,,,,,,,,,,,,,
,,,,,,,,,,,,,,,,,,,,,,,,,,,,,,,,,,,
,,,,,,,,,,,,,,,,,,,,,,,,,,,,,,,,,,,
,,,,,,,,,,,,,,,,,,,,,,,,,,,,,,,,,,,
,,,,,,,,,,,,,,,,,,,,,,,,,,,,,,,,,,,
,,,,,,,,,,,,,,,,,,,,,,,,,,,,,,,,,,,
,,,,,,,,,,,,,,,,,,,,,,,,,,,,,,,,,,,
,,,,,,,,,,,,,,,,,,,,,,,,,,,,,,,,,,,
,,,,,,,,,,,,,,,,,,,,,,,,,,,,,,,,,,,
,,,,,,,,,,,,,,,,,,,,,,,,,,,,,,,,,,,
,,,,,,,,,,,,,,,,,,,,,,,,,,,,,,,,,,,
,,,,,,,,,,,,,,,,,,,,,,,,,,,,,,,,,,,
,,,,,,,,,,,,,,,,,,,,,,,,,,,,,,,,,,,
,,,,,,,,,,,,,,,,,,,,,,,,,,,,,,,,,,,
,,,,,,,,,,,,,,,,,,,,,,,,,,,,,,,,,,,
,,,,,,,,,,,,,,,,,,,,,,,,,,,,,,,,,,,
,,,,,,,,,,,,,,,,,,,,,,,,,,,,,,,,,,,
,,,,,,,,,,,,,,,,,,,,,,,,,,,,,,,,,,,
,,,,,,,,,,,,,,,,,,,,,,,,,,,,,,,,,,,
,,,,,,,,,,,,,,,,,,,,,,,,,,,,,,,,,,,
,,,,,,,,,,,,,,,,,,,,,,,,,,,,,,,,,,,
,,,,,,,,,,,,,,,,,,,,,,,,,,,,,,,,,,,
,,,,,,,,,,,,,,,,,,,,,,,,,,,,,,,,,,,
,,,,,,,,,,,,,,,,,,,,,,,,,,,,,,,,,,,
,,,,,,,,,,,,,,,,,,,,,,,,,,,,,,,,,,,
,,,,,,,,,,,,,,,,,,,,,,,,,,,,,,,,,,,
Exp / JP / Money Perks,,,,,,,,,,,,,,,,,,,,,,,,,,,,,,,,,,,
,"Because people don't take the time to test and verify the numbers, there is misinformation that has spread everywhere on the net regarding grinding in general in OT2. Here I will explain how the game does the math so you don't waste your time doing unnecessary steps.

Exp / JP:
  - Extra Experience (support): +10% Exp
  - Hard Worker (support): +10% JP
  - EXP Augmentor (accessory): +50% Exp
  - JP Augmentor (accessory): +50% JP
  - Life in the Shadows (support): +50% Exp / JP (night only)
  - Brooch of Joy (accessory): +50% Exp / JP
The support skills and accessories all add up togheter. If you equip everything you get +160% Exp / JP.

  - Treasure Smell (Alrond skill): X2, X10, X100 Exp/JP
  - Bewildering Grace (Dancer skill): X2, X5, X100 Exp/JP
  - Jewel Cake (item): X1.2 Exp only
Multipliers from any of the above (Treasure Smell, Bewildering Grace and Jewel Cake), you only get to keep the highest. For example, let's say you hit X5 with Bewildering Grace, then you summon Alrond and get X100 and then you use the Jewel Cake item, in the end you'll only get X100. Anyone saying you can get X200 is spreading lies, and whoever tells you to use Jewel Cake after getting your X100 Exp multiplier never tested it nor did the math.

All the bonuses above add up additively. This means if you get all the above equiped and get X100 multiplier either Exp or JP. In total, this will net you a multiplier of X101.6 (+100.6%). Once you get access to Alrond's Treasure Smell skill, all the other Exp / JP bonus becomes insignificant, and I would suggest you find yourself something else to equip.
Again in OT2, Bewildering Grace's odds of obtaining X100 multiplier is very low (0.1%) and not worth using in normal scenario. However Alrond's chances of getting X100 is pretty high, not sure the odds exactly but probably 1 in 6 or somewhere near 10-15%.

Best way to farm for Exp in the end game is to summon Alrond against Caits, Octopuffs and Mini-Bosses (or the one-time encounter against Foreign Assassin who'll teach you your Hired Help option at 50K). Make sure you equip yourself with Cait Powder, Octopuff Pots, and More Rare Monsters (support) to maximize the time it takes to get a good encounter, other than that equip stuff that will help you kill the enemy faster so you don't waste time.


Money:
  - Grows on Trees (support): +10%
  - Prosperity Charm (accessory): +10%
All the money you make using Collect, Bifelgan's Bounty, or bonus money from Bewildering Grace doesn't get multiplied by any of the above perk.
While you can only have one Grows on Trees support skill effective at any time, the accessories can be stacked (additively). If you equip both Prosperity Charm, you get +20%, then add Grows on Trees support skill and you're now at +30% at the end of combat.",,,,,,,,,,,,,,,,,,,,,,,,,,,,,,,,,,
,,,,,,,,,,,,,,,,,,,,,,,,,,,,,,,,,,,
,,,,,,,,,,,,,,,,,,,,,,,,,,,,,,,,,,,
,,,,,,,,,,,,,,,,,,,,,,,,,,,,,,,,,,,
,,,,,,,,,,,,,,,,,,,,,,,,,,,,,,,,,,,
,,,,,,,,,,,,,,,,,,,,,,,,,,,,,,,,,,,
,,,,,,,,,,,,,,,,,,,,,,,,,,,,,,,,,,,
,,,,,,,,,,,,,,,,,,,,,,,,,,,,,,,,,,,
,,,,,,,,,,,,,,,,,,,,,,,,,,,,,,,,,,,
,,,,,,,,,,,,,,,,,,,,,,,,,,,,,,,,,,,
,,,,,,,,,,,,,,,,,,,,,,,,,,,,,,,,,,,
,,,,,,,,,,,,,,,,,,,,,,,,,,,,,,,,,,,
,,,,,,,,,,,,,,,,,,,,,,,,,,,,,,,,,,,
,,,,,,,,,,,,,,,,,,,,,,,,,,,,,,,,,,,
,,,,,,,,,,,,,,,,,,,,,,,,,,,,,,,,,,,
,,,,,,,,,,,,,,,,,,,,,,,,,,,,,,,,,,,
,,,,,,,,,,,,,,,,,,,,,,,,,,,,,,,,,,,
,,,,,,,,,,,,,,,,,,,,,,,,,,,,,,,,,,,
,,,,,,,,,,,,,,,,,,,,,,,,,,,,,,,,,,,
,,,,,,,,,,,,,,,,,,,,,,,,,,,,,,,,,,,
,,,,,,,,,,,,,,,,,,,,,,,,,,,,,,,,,,,
,,,,,,,,,,,,,,,,,,,,,,,,,,,,,,,,,,,
,,,,,,,,,,,,,,,,,,,,,,,,,,,,,,,,,,,
,,,,,,,,,,,,,,,,,,,,,,,,,,,,,,,,,,,
,,,,,,,,,,,,,,,,,,,,,,,,,,,,,,,,,,,
,,,,,,,,,,,,,,,,,,,,,,,,,,,,,,,,,,,
EXP Table,,,,,,,,,,,,,,,,,,,,,,,,,,,,,,,,,,,
,Lv.,Next Lv,,Total Exp,,Lv.,Next Lv,,Total Exp,,Lv.,Next Lv,,Total Exp,,Lv.,Next Lv,,Total Exp,,Lv.,Next Lv,,Total Exp,,,,,,,,,,,
,1,6,,0,,21,986,,"5,713",,41,"3,348",,"46,646",,61,"8,569",,"154,072",,81,"58,003",,"640,602",,,,,,,,,,,
,2,10,,6,,22,"1,089",,"6,699",,42,"3,543",,"49,994",,62,"9,006",,"162,641",,82,"67,283",,"698,605",,,,,,,,,,,
,3,15,,16,,23,"1,130",,"7,788",,43,"3,742",,"53,537",,63,"9,907",,"171,647",,83,"78,048",,"765,888",,,,,,,,,,,
,4,20,,31,,24,"1,200",,"8,918",,44,"3,944",,"57,279",,64,"10,898",,"181,554",,84,"90,536",,"843,936",,,,,,,,,,,
,5,41,,51,,25,"1,252",,"10,118",,45,"4,104",,"61,223",,65,"11,988",,"192,452",,85,"105,022",,"934,472",,,,,,,,,,,
,6,48,,92,,26,"1,389",,"11,370",,46,"4,138",,"65,327",,66,"13,187",,"204,440",,86,"121,826",,"1,039,494",,,,,,,,,,,
,7,55,,140,,27,"1,535",,"12,759",,47,"4,349",,"69,465",,67,"14,506",,"217,627",,87,"141,318",,"1,161,320",,,,,,,,,,,
,8,65,,195,,28,"1,690",,"14,294",,48,"4,568",,"73,814",,68,"15,957",,"232,133",,88,"163,929",,"1,302,638",,,,,,,,,,,
,9,75,,260,,29,"1,857",,"15,984",,49,"4,796",,"78,382",,69,"17,553",,"248,090",,89,"190,158",,"1,466,567",,,,,,,,,,,
,10,99,,335,,30,"1,891",,"17,841",,50,"5,054",,"83,178",,70,"19,308",,"265,643",,90,"220,583",,"1,656,725",,,,,,,,,,,
,11,143,,434,,31,"2,058",,"19,732",,51,"5,293",,"88,232",,71,"19,308",,"284,951",,91,"220,583",,"1,877,308",,,,,,,,,,,
,12,195,,577,,32,"2,229",,"21,790",,52,"5,534",,"93,525",,72,"21,818",,"304,259",,92,"264,700",,"2,097,891",,,,,,,,,,,
,13,245,,772,,33,"2,403",,"24,019",,53,"5,778",,"99,059",,73,"24,654",,"326,077",,93,"317,640",,"2,362,591",,,,,,,,,,,
,14,390,,"1,017",,34,"2,582",,"26,422",,54,"6,026",,"104,837",,74,"27,859",,"350,731",,94,"381,168",,"2,680,231",,,,,,,,,,,
,15,470,,"1,407",,35,"2,615",,"29,004",,55,"6,329",,"110,863",,75,"31,481",,"378,590",,95,"457,402",,"3,061,399",,,,,,,,,,,
,16,566,,"1,877",,36,"2,794",,"31,619",,56,"6,588",,"117,192",,76,"35,574",,"410,071",,96,"548,882",,"3,518,801",,,,,,,,,,,
,17,678,,"2,443",,37,"2,807",,"34,413",,57,"6,854",,"123,780",,77,"40,199",,"445,645",,97,"658,658",,"4,067,683",,,,,,,,,,,
,18,812,,"3,121",,38,"2,993",,"37,220",,58,"7,300",,"130,634",,78,"45,425",,"485,844",,98,"790,390",,"4,726,341",,,,,,,,,,,
,19,880,,"3,933",,39,"3,188",,"40,213",,59,"7,801",,"137,934",,79,"51,330",,"531,269",,99,-,,"5,516,731",,,,,,,,,,,
,20,900,,"4,813",,40,"3,245",,"43,401",,60,"8,337",,"145,735",,80,"58,003",,"582,599",,,,,,,,,,,,,,,,
,,,,,,,,,,,,,,,,,,,,,,,,,,,,,,,,,,,
// This Level Multiplier table has been copied from the Octopath Traveler Wiki which state: Bolded Values have been explicitly tested and should be accurate within 2% of the true value. All other values are approximations.,,,,,,,,,,,,,,,,,,,,,,,,,,,,,,,,,,,
"// I may test these numbers more at some point to see if I could find a formula behind this. (level 99 is pretty accurate, i've done a lot of test using this number and it works)",,,,,,,,,,,,,,,,,,,,,,,,,,,,,,,,,,,
Level Multiplier,,,,,,,,,,,,,,,,,,,,,,,,,,,,,,,,,,,
,Lv.,Multiplier,,Lv.,Multiplier,,Lv.,Multiplier,,Lv.,Multiplier,,Lv.,Multiplier,,Lv.,Multiplier,,Lv.,Multiplier,,Lv.,Multiplier,,Lv.,Multiplier,,Lv.,Multiplier,,,,,,
,1,0.5625,,11,0.6388,,21,0.7575,,31,0.8438,,41,0.9288,,51,0.9975,,61,1.1313,,71,1.2,,81,1.2763,,91,1.3513,,,,,,
,2,0.565,,12,0.645,,22,0.765,,32,0.8488,,42,0.9325,,52,1.0075,,62,1.1375,,72,1.2063,,82,1.2838,,92,1.3575,,,,,,
,3,0.5713,,13,0.6538,,23,0.7725,,33,0.8538,,43,0.9363,,53,1.0213,,63,1.1438,,73,1.2125,,83,1.2913,,93,1.365,,,,,,
,4,0.58,,14,0.6638,,24,0.7813,,34,0.86,,44,0.9413,,54,1.035,,64,1.15,,74,1.2188,,84,1.2988,,94,1.3713,,,,,,
,5,0.5925,,15,0.6738,,25,0.7838,,35,0.8663,,45,0.9463,,55,1.0488,,65,1.1563,,75,1.225,,85,1.3063,,95,1.3788,,,,,,
,6,0.6075,,16,0.6875,,26,0.7863,,36,0.875,,46,0.9525,,56,1.0625,,66,1.1625,,76,1.2313,,86,1.3138,,96,1.385,,,,,,
,7,0.625,,17,0.7,,27,0.8,,37,0.8875,,47,0.9613,,57,1.0775,,67,1.1688,,77,1.2375,,87,1.3213,,97,1.3925,,,,,,
,8,0.6263,,18,0.715,,28,0.8125,,38,0.9,,48,0.97,,58,1.0925,,68,1.175,,78,1.2438,,88,1.3288,,98,1.4,,,,,,
,9,0.6288,,19,0.7325,,29,0.825,,39,0.9125,,49,0.9775,,59,1.1088,,69,1.1813,,79,1.25,,89,1.3363,,99,1.4063,,,,,,
,10,0.6338,,20,0.75,,30,0.8388,,40,0.925,,50,0.9875,,60,1.125,,70,1.1938,,80,1.2688,,90,1.3438,,,,,,,,,
,,,,,,,,,,,,,,,,,,,,,,,,,,,,,,,,,,,
,,,,,,,,,,,,,,,,,,,,,,,,,,,,,,,How many points to fill gauge (any level),,,,
Max Base Stat,,,,Chart to show who's best in each stats (without nuts). Numbers are given for level 99. For full details checkout individual character chart below. (identical to first game),,,,,,,,,,,,,,,,,,,,,,,,,,,,,,,
,Max. HP,,,Max. SP,,,Phys. Atk.,,,Elem. Atk.,,,Phys. Def.,,,Elem. Def.,,,Accuracy,,,Speed,,,Critical,,,Evasion,,,Latent Power Gage,,,,
,5781,Hikari,,236,Temenos,,342,"Ochette
Hikari",,370,Osvald,,313,Hikari,,370,Temenos,,342,Ochette,,370,Agnea,,313,Ochette,,342,Throné,,80,Throne,,,
,5336,Castti,,218,Osvald,,,,,342,"Temenos
Agnea",,285,"Temenos
Castti
Partitio",,342,Osvald,,313,"Throné
Hikari",,342,Throné,,285,"Throné
Castti
Hikari
Agnea",,313,"Ochette
Agnea",,,Castti,,,
,4891,Partitio,,182,"Castti
Partitio
Agnea",,313,"Throné
Castti
Partitio",,,,,,,,285,"Castti
Partitio",,,,,285,"Ochette
Hikari",,,,,,,,100,Osvald,,,
,4447,"Throné
Ochette",,,,,,,,313,Partitio,,,,,,,,285,"Osvald
Temenos
Castti
Partitio
Agnea",,,,,,,,285,Osvald,,,Partitio,,,
,,,,,,,,,,285,"Throné
Ochette
Castti",,256,Osvald,,228,"Throné
Ochette
Hikari
Agnea",,,,,256,"Osvald
Partitio",,,,,256,"Castti
Partitio",,110,Temenos,,,
,4002,"Temenos
Agnea",,145,"Throné
Ochette
Hikari",,285,"Temenos
Agnea",,,,,228,"Throné
Ochette",,,,,,,,,,,256,Partitio,,,,,,Agnea,,,
,,,,,,,,,,,,,,,,,,,,,,228,"Temenos
Castti",,228,Osvald,,228,"Temenos
Hikari",,125,Ochette,,,
,3557,Osvald,,,,,256,Osvald,,256,Hikari,,199,Agnea,,,,,,,,,,,199,Temenos,,,,,,Hikari,,,
,,,,,,,,,,,,,,,,,,,,,,,,,,,,,,,Breaking Enemy = +25,,,,
Osvald V. Vanstein,,,,,,,,,,,,,,,,,,,,,,,,,,,,,,,,,,,
,Lv.,,  1 ,  2 ,  3 ,  4 ,  5 ,  6 ,  7 ,  8 ,  9 ,  10 ,  11 ,  12 ,  13 ,  14 ,  15 ,  16 ,  17 ,  18 ,  19 ,  20 ,  21 ,  22 ,  23 ,  24 ,  25 ,  26 ,  27 ,  28 ,  29 ,  30 ,  31 ,  32 ,  33 
,Max. HP,,  200 ,  208 ,  225 ,  251 ,  284 ,  326 ,  376 ,  384 ,  400 ,  422 ,  452 ,  488 ,  532 ,  584 ,  642 ,  708 ,  780 ,  861 ,  949 ,"  1,044 ","  1,052 ","  1,068 ","  1,090 ","  1,120 ","  1,156 ","  1,200 ","  1,252 ","  1,310 ","  1,376 ","  1,448 ","  1,455 ","  1,468 ","  1,487 "
,Max. SP,,  60 ,  61 ,  62 ,  63 ,  64 ,  66 ,  68 ,  69 ,  70 ,  72 ,  73 ,  74 ,  76 ,  79 ,  81 ,  84 ,  86 ,  88 ,  92 ,  96 ,  97 ,  98 ,  99 ,  100 ,  102 ,  104 ,  106 ,  109 ,  111 ,  114 ,  115 ,  116 ,  117 
,Phys. Atk.,,  72 ,  72 ,  73 ,  75 ,  77 ,  79 ,  81 ,  82 ,  83 ,  84 ,  86 ,  88 ,  90 ,  92 ,  95 ,  98 ,  100 ,  104 ,  108 ,  111 ,  112 ,  113 ,  114 ,  116 ,  117 ,  119 ,  122 ,  125 ,  127 ,  130 ,  131 ,  132 ,  133 
,Elem. Atk.,,  104 ,  105 ,  106 ,  109 ,  111 ,  114 ,  118 ,  119 ,  120 ,  122 ,  124 ,  127 ,  130 ,  133 ,  137 ,  141 ,  145 ,  150 ,  156 ,  161 ,  162 ,  163 ,  165 ,  167 ,  170 ,  172 ,  176 ,  180 ,  184 ,  188 ,  189 ,  191 ,  192 
,Phys. Def.,,  72 ,  72 ,  73 ,  75 ,  77 ,  79 ,  81 ,  82 ,  83 ,  84 ,  86 ,  88 ,  90 ,  92 ,  95 ,  98 ,  100 ,  104 ,  108 ,  111 ,  112 ,  113 ,  114 ,  116 ,  117 ,  119 ,  122 ,  125 ,  127 ,  130 ,  131 ,  132 ,  133 
,Elem. Def.,,  96 ,  97 ,  98 ,  100 ,  103 ,  105 ,  109 ,  110 ,  111 ,  112 ,  115 ,  117 ,  120 ,  123 ,  127 ,  130 ,  134 ,  139 ,  144 ,  148 ,  150 ,  151 ,  152 ,  154 ,  157 ,  159 ,  163 ,  166 ,  170 ,  174 ,  175 ,  176 ,  177 
,Accuracy,,  80 ,  81 ,  82 ,  84 ,  86 ,  88 ,  91 ,  92 ,  93 ,  94 ,  96 ,  98 ,  100 ,  103 ,  106 ,  109 ,  112 ,  116 ,  120 ,  124 ,  125 ,  126 ,  127 ,  129 ,  131 ,  133 ,  136 ,  139 ,  142 ,  145 ,  146 ,  147 ,  148 
,Speed,,  72 ,  72 ,  73 ,  75 ,  77 ,  79 ,  81 ,  82 ,  83 ,  84 ,  86 ,  88 ,  90 ,  92 ,  95 ,  98 ,  100 ,  104 ,  108 ,  111 ,  112 ,  113 ,  114 ,  116 ,  117 ,  119 ,  122 ,  125 ,  127 ,  130 ,  131 ,  132 ,  133 
,Critical,,  64 ,  64 ,  65 ,  67 ,  68 ,  70 ,  72 ,  73 ,  74 ,  75 ,  76 ,  78 ,  80 ,  82 ,  84 ,  87 ,  89 ,  92 ,  96 ,  99 ,  100 ,  100 ,  101 ,  103 ,  104 ,  106 ,  108 ,  111 ,  113 ,  116 ,  116 ,  117 ,  118 
,Evasion,,  80 ,  81 ,  82 ,  84 ,  86 ,  88 ,  91 ,  92 ,  93 ,  94 ,  96 ,  98 ,  100 ,  103 ,  106 ,  109 ,  112 ,  116 ,  120 ,  124 ,  125 ,  126 ,  127 ,  129 ,  131 ,  133 ,  136 ,  139 ,  142 ,  145 ,  146 ,  147 ,  148 
,Lv.,,  34 ,  35 ,  36 ,  37 ,  38 ,  39 ,  40 ,  41 ,  42 ,  43 ,  44 ,  45 ,  46 ,  47 ,  48 ,  49 ,  50 ,  51 ,  52 ,  53 ,  54 ,  55 ,  56 ,  57 ,  58 ,  59 ,  60 ,  61 ,  62 ,  63 ,  64 ,  65 ,  66 
,Max. HP,,"  1,512 ","  1,544 ","  1,581 ","  1,625 ","  1,676 ","  1,732 ","  1,795 ","  1,798 ","  1,804 ","  1,814 ","  1,827 ","  1,843 ","  1,862 ","  1,884 ","  1,910 ","  1,939 ","  1,970 ","  2,004 ","  2,042 ","  2,083 ","  2,127 ","  2,174 ","  2,224 ","  2,278 ","  2,335 ","  2,395 ","  2,457 ","  2,463 ","  2,473 ","  2,489 ","  2,510 ","  2,536 ","  2,568 "
,Max. SP,,  118 ,  120 ,  121 ,  123 ,  126 ,  128 ,  130 ,  132 ,  133 ,  134 ,  135 ,  136 ,  138 ,  139 ,  140 ,  141 ,  142 ,  144 ,  145 ,  146 ,  148 ,  151 ,  153 ,  156 ,  158 ,  160 ,  163 ,  164 ,  165 ,  166 ,  168 ,  169 ,  170 
,Phys. Atk.,,  135 ,  136 ,  138 ,  141 ,  144 ,  146 ,  149 ,  150 ,  151 ,  152 ,  153 ,  153 ,  155 ,  157 ,  159 ,  161 ,  162 ,  165 ,  168 ,  171 ,  173 ,  176 ,  180 ,  183 ,  187 ,  190 ,  194 ,  195 ,  196 ,  197 ,  198 ,  199 ,  201 
,Elem. Atk.,,  195 ,  197 ,  200 ,  204 ,  208 ,  211 ,  215 ,  217 ,  218 ,  219 ,  221 ,  222 ,  224 ,  227 ,  230 ,  232 ,  235 ,  239 ,  243 ,  247 ,  250 ,  254 ,  260 ,  265 ,  270 ,  275 ,  280 ,  282 ,  283 ,  284 ,  286 ,  288 ,  291 
,Phys. Def.,,  135 ,  136 ,  138 ,  141 ,  144 ,  146 ,  149 ,  150 ,  151 ,  152 ,  153 ,  153 ,  155 ,  157 ,  159 ,  161 ,  162 ,  165 ,  168 ,  171 ,  173 ,  176 ,  180 ,  183 ,  187 ,  190 ,  194 ,  195 ,  196 ,  197 ,  198 ,  199 ,  201 
,Elem. Def.,,  180 ,  182 ,  184 ,  188 ,  192 ,  195 ,  199 ,  200 ,  201 ,  202 ,  204 ,  205 ,  207 ,  210 ,  212 ,  214 ,  217 ,  220 ,  224 ,  228 ,  231 ,  235 ,  240 ,  244 ,  249 ,  254 ,  259 ,  260 ,  261 ,  262 ,  264 ,  266 ,  268 
,Accuracy,,  150 ,  152 ,  154 ,  157 ,  160 ,  163 ,  166 ,  167 ,  168 ,  169 ,  170 ,  171 ,  173 ,  175 ,  177 ,  179 ,  181 ,  184 ,  187 ,  190 ,  193 ,  196 ,  200 ,  204 ,  208 ,  212 ,  216 ,  217 ,  218 ,  219 ,  220 ,  222 ,  224 
,Speed,,  135 ,  136 ,  138 ,  141 ,  144 ,  146 ,  149 ,  150 ,  151 ,  152 ,  153 ,  153 ,  155 ,  157 ,  159 ,  161 ,  162 ,  165 ,  168 ,  171 ,  173 ,  176 ,  180 ,  183 ,  187 ,  190 ,  194 ,  195 ,  196 ,  197 ,  198 ,  199 ,  201 
,Critical,,  120 ,  121 ,  123 ,  125 ,  128 ,  130 ,  132 ,  133 ,  134 ,  135 ,  136 ,  136 ,  138 ,  140 ,  141 ,  143 ,  144 ,  147 ,  149 ,  152 ,  154 ,  156 ,  160 ,  163 ,  166 ,  169 ,  172 ,  173 ,  174 ,  175 ,  176 ,  177 ,  179 
,Evasion,,  150 ,  152 ,  154 ,  157 ,  160 ,  163 ,  166 ,  167 ,  168 ,  169 ,  170 ,  171 ,  173 ,  175 ,  177 ,  179 ,  181 ,  184 ,  187 ,  190 ,  193 ,  196 ,  200 ,  204 ,  208 ,  212 ,  216 ,  217 ,  218 ,  219 ,  220 ,  222 ,  224 
,Lv.,,  67 ,  68 ,  69 ,  70 ,  71 ,  72 ,  73 ,  74 ,  75 ,  76 ,  77 ,  78 ,  79 ,  80 ,  81 ,  82 ,  83 ,  84 ,  85 ,  86 ,  87 ,  88 ,  89 ,  90 ,  91 ,  92 ,  93 ,  94 ,  95 ,  96 ,  97 ,  98 ,  99 
,Max. HP,,"  2,604 ","  2,646 ","  2,693 ","  2,745 ","  2,751 ","  2,761 ","  2,777 ","  2,798 ","  2,824 ","  2,856 ","  2,892 ","  2,934 ","  2,981 ","  3,033 ","  3,039 ","  3,049 ","  3,065 ","  3,086 ","  3,112 ","  3,144 ","  3,180 ","  3,222 ","  3,269 ","  3,321 ","  3,327 ","  3,337 ","  3,353 ","  3,374 ","  3,400 ","  3,432 ","  3,468 ","  3,510 ","  3,557 "
,Max. SP,,  171 ,  172 ,  175 ,  177 ,  178 ,  180 ,  181 ,  182 ,  183 ,  184 ,  186 ,  187 ,  189 ,  192 ,  193 ,  194 ,  195 ,  196 ,  198 ,  199 ,  200 ,  201 ,  204 ,  206 ,  207 ,  208 ,  210 ,  211 ,  212 ,  213 ,  214 ,  216 ,  218 
,Phys. Atk.,,  203 ,  205 ,  207 ,  210 ,  211 ,  212 ,  213 ,  214 ,  216 ,  217 ,  219 ,  221 ,  224 ,  226 ,  227 ,  228 ,  229 ,  230 ,  232 ,  234 ,  235 ,  237 ,  240 ,  243 ,  243 ,  244 ,  245 ,  246 ,  248 ,  250 ,  252 ,  253 ,  256 
,Elem. Atk.,,  293 ,  296 ,  300 ,  304 ,  305 ,  306 ,  308 ,  309 ,  312 ,  314 ,  317 ,  319 ,  323 ,  327 ,  328 ,  330 ,  331 ,  332 ,  335 ,  338 ,  340 ,  343 ,  347 ,  351 ,  352 ,  353 ,  354 ,  356 ,  358 ,  361 ,  364 ,  366 ,  370 
,Phys. Def.,,  203 ,  205 ,  207 ,  210 ,  211 ,  212 ,  213 ,  214 ,  216 ,  217 ,  219 ,  221 ,  224 ,  226 ,  227 ,  228 ,  229 ,  230 ,  232 ,  234 ,  235 ,  237 ,  240 ,  243 ,  243 ,  244 ,  245 ,  246 ,  248 ,  250 ,  252 ,  253 ,  256 
,Elem. Def.,,  271 ,  273 ,  277 ,  280 ,  282 ,  283 ,  284 ,  285 ,  288 ,  290 ,  292 ,  295 ,  298 ,  302 ,  303 ,  304 ,  306 ,  307 ,  309 ,  312 ,  314 ,  316 ,  320 ,  324 ,  325 ,  326 ,  327 ,  328 ,  331 ,  333 ,  336 ,  338 ,  342 
,Accuracy,,  226 ,  228 ,  231 ,  234 ,  235 ,  236 ,  237 ,  238 ,  240 ,  242 ,  244 ,  246 ,  249 ,  252 ,  253 ,  254 ,  255 ,  256 ,  258 ,  260 ,  262 ,  264 ,  267 ,  270 ,  271 ,  272 ,  273 ,  274 ,  276 ,  278 ,  280 ,  282 ,  285 
,Speed,,  203 ,  205 ,  207 ,  210 ,  211 ,  212 ,  213 ,  214 ,  216 ,  217 ,  219 ,  221 ,  224 ,  226 ,  227 ,  228 ,  229 ,  230 ,  232 ,  234 ,  235 ,  237 ,  240 ,  243 ,  243 ,  244 ,  245 ,  246 ,  248 ,  250 ,  252 ,  253 ,  256 
,Critical,,  180 ,  182 ,  184 ,  187 ,  188 ,  188 ,  189 ,  190 ,  192 ,  193 ,  195 ,  196 ,  199 ,  201 ,  202 ,  203 ,  204 ,  204 ,  206 ,  208 ,  209 ,  211 ,  213 ,  216 ,  216 ,  217 ,  218 ,  219 ,  220 ,  222 ,  224 ,  225 ,  228 
,Evasion,,  226 ,  228 ,  231 ,  234 ,  235 ,  236 ,  237 ,  238 ,  240 ,  242 ,  244 ,  246 ,  249 ,  252 ,  253 ,  254 ,  255 ,  256 ,  258 ,  260 ,  262 ,  264 ,  267 ,  270 ,  271 ,  272 ,  273 ,  274 ,  276 ,  278 ,  280 ,  282 ,  285 
,,,,,,,,,,,,,,,,,,,,,,,,,,,,,,,,,,,
Temenos Mistral,,,,,,,,,,,,,,,,,,,,,,,,,,,,,,,,,,,
,Lv.,,  1 ,  2 ,  3 ,  4 ,  5 ,  6 ,  7 ,  8 ,  9 ,  10 ,  11 ,  12 ,  13 ,  14 ,  15 ,  16 ,  17 ,  18 ,  19 ,  20 ,  21 ,  22 ,  23 ,  24 ,  25 ,  26 ,  27 ,  28 ,  29 ,  30 ,  31 ,  32 ,  33 
,Max. HP,,  225 ,  234 ,  253 ,  282 ,  320 ,  367 ,  423 ,  432 ,  450 ,  475 ,  508 ,  549 ,  599 ,  657 ,  722 ,  796 ,  878 ,  969 ,"  1,068 ","  1,175 ","  1,184 ","  1,201 ","  1,226 ","  1,260 ","  1,301 ","  1,350 ","  1,408 ","  1,474 ","  1,548 ","  1,629 ","  1,637 ","  1,651 ","  1,673 "
,Max. SP,,  65 ,  66 ,  67 ,  68 ,  70 ,  71 ,  74 ,  75 ,  76 ,  78 ,  79 ,  80 ,  83 ,  85 ,  88 ,  91 ,  93 ,  96 ,  100 ,  104 ,  105 ,  106 ,  107 ,  109 ,  110 ,  113 ,  115 ,  118 ,  120 ,  123 ,  124 ,  126 ,  127 
,Phys. Atk.,,  80 ,  81 ,  82 ,  84 ,  86 ,  88 ,  91 ,  92 ,  93 ,  94 ,  96 ,  98 ,  100 ,  103 ,  106 ,  109 ,  112 ,  116 ,  120 ,  124 ,  125 ,  126 ,  127 ,  129 ,  131 ,  133 ,  136 ,  139 ,  142 ,  145 ,  146 ,  147 ,  148 
,Elem. Atk.,,  96 ,  97 ,  98 ,  100 ,  103 ,  105 ,  109 ,  110 ,  111 ,  112 ,  115 ,  117 ,  120 ,  123 ,  127 ,  130 ,  134 ,  139 ,  144 ,  148 ,  150 ,  151 ,  152 ,  154 ,  157 ,  159 ,  163 ,  166 ,  170 ,  174 ,  175 ,  176 ,  177 
,Phys. Def.,,  80 ,  81 ,  82 ,  84 ,  86 ,  88 ,  91 ,  92 ,  93 ,  94 ,  96 ,  98 ,  100 ,  103 ,  106 ,  109 ,  112 ,  116 ,  120 ,  124 ,  125 ,  126 ,  127 ,  129 ,  131 ,  133 ,  136 ,  139 ,  142 ,  145 ,  146 ,  147 ,  148 
,Elem. Def.,,  104 ,  105 ,  106 ,  109 ,  111 ,  114 ,  118 ,  119 ,  120 ,  122 ,  124 ,  127 ,  130 ,  133 ,  137 ,  141 ,  145 ,  150 ,  156 ,  161 ,  162 ,  163 ,  165 ,  167 ,  170 ,  172 ,  176 ,  180 ,  184 ,  188 ,  189 ,  191 ,  192 
,Accuracy,,  80 ,  81 ,  82 ,  84 ,  86 ,  88 ,  91 ,  92 ,  93 ,  94 ,  96 ,  98 ,  100 ,  103 ,  106 ,  109 ,  112 ,  116 ,  120 ,  124 ,  125 ,  126 ,  127 ,  129 ,  131 ,  133 ,  136 ,  139 ,  142 ,  145 ,  146 ,  147 ,  148 
,Speed,,  64 ,  64 ,  65 ,  67 ,  68 ,  70 ,  72 ,  73 ,  74 ,  75 ,  76 ,  78 ,  80 ,  82 ,  84 ,  87 ,  89 ,  92 ,  96 ,  99 ,  100 ,  100 ,  101 ,  103 ,  104 ,  106 ,  108 ,  111 ,  113 ,  116 ,  116 ,  117 ,  118 
,Critical,,  56 ,  56 ,  57 ,  58 ,  60 ,  61 ,  63 ,  64 ,  65 ,  65 ,  67 ,  68 ,  70 ,  72 ,  74 ,  76 ,  78 ,  81 ,  84 ,  86 ,  87 ,  88 ,  88 ,  90 ,  91 ,  93 ,  95 ,  97 ,  99 ,  101 ,  102 ,  102 ,  103 
,Evasion,,  64 ,  64 ,  65 ,  67 ,  68 ,  70 ,  72 ,  73 ,  74 ,  75 ,  76 ,  78 ,  80 ,  82 ,  84 ,  87 ,  89 ,  92 ,  96 ,  99 ,  100 ,  100 ,  101 ,  103 ,  104 ,  106 ,  108 ,  111 ,  113 ,  116 ,  116 ,  117 ,  118 
,Lv.,,  34 ,  35 ,  36 ,  37 ,  38 ,  39 ,  40 ,  41 ,  42 ,  43 ,  44 ,  45 ,  46 ,  47 ,  48 ,  49 ,  50 ,  51 ,  52 ,  53 ,  54 ,  55 ,  56 ,  57 ,  58 ,  59 ,  60 ,  61 ,  62 ,  63 ,  64 ,  65 ,  66 
,Max. HP,,"  1,701 ","  1,737 ","  1,779 ","  1,828 ","  1,885 ","  1,949 ","  2,019 ","  2,023 ","  2,030 ","  2,041 ","  2,055 ","  2,073 ","  2,095 ","  2,120 ","  2,149 ","  2,181 ","  2,216 ","  2,255 ","  2,297 ","  2,343 ","  2,393 ","  2,446 ","  2,502 ","  2,563 ","  2,627 ","  2,694 ","  2,764 ","  2,771 ","  2,782 ","  2,800 ","  2,824 ","  2,853 ","  2,889 "
,Max. SP,,  128 ,  130 ,  131 ,  133 ,  136 ,  139 ,  141 ,  143 ,  144 ,  145 ,  146 ,  148 ,  149 ,  150 ,  152 ,  153 ,  154 ,  156 ,  157 ,  158 ,  161 ,  163 ,  166 ,  169 ,  171 ,  174 ,  176 ,  178 ,  179 ,  180 ,  182 ,  183 ,  184 
,Phys. Atk.,,  150 ,  152 ,  154 ,  157 ,  160 ,  163 ,  166 ,  167 ,  168 ,  169 ,  170 ,  171 ,  173 ,  175 ,  177 ,  179 ,  181 ,  184 ,  187 ,  190 ,  193 ,  196 ,  200 ,  204 ,  208 ,  212 ,  216 ,  217 ,  218 ,  219 ,  220 ,  222 ,  224 
,Elem. Atk.,,  180 ,  182 ,  184 ,  188 ,  192 ,  195 ,  199 ,  200 ,  201 ,  202 ,  204 ,  205 ,  207 ,  210 ,  212 ,  214 ,  217 ,  220 ,  224 ,  228 ,  231 ,  235 ,  240 ,  244 ,  249 ,  254 ,  259 ,  260 ,  261 ,  262 ,  264 ,  266 ,  268 
,Phys. Def.,,  150 ,  152 ,  154 ,  157 ,  160 ,  163 ,  166 ,  167 ,  168 ,  169 ,  170 ,  171 ,  173 ,  175 ,  177 ,  179 ,  181 ,  184 ,  187 ,  190 ,  193 ,  196 ,  200 ,  204 ,  208 ,  212 ,  216 ,  217 ,  218 ,  219 ,  220 ,  222 ,  224 
,Elem. Def.,,  195 ,  197 ,  200 ,  204 ,  208 ,  211 ,  215 ,  217 ,  218 ,  219 ,  221 ,  222 ,  224 ,  227 ,  230 ,  232 ,  235 ,  239 ,  243 ,  247 ,  250 ,  254 ,  260 ,  265 ,  270 ,  275 ,  280 ,  282 ,  283 ,  284 ,  286 ,  288 ,  291 
,Accuracy,,  150 ,  152 ,  154 ,  157 ,  160 ,  163 ,  166 ,  167 ,  168 ,  169 ,  170 ,  171 ,  173 ,  175 ,  177 ,  179 ,  181 ,  184 ,  187 ,  190 ,  193 ,  196 ,  200 ,  204 ,  208 ,  212 ,  216 ,  217 ,  218 ,  219 ,  220 ,  222 ,  224 
,Speed,,  120 ,  121 ,  123 ,  125 ,  128 ,  130 ,  132 ,  133 ,  134 ,  135 ,  136 ,  136 ,  138 ,  140 ,  141 ,  143 ,  144 ,  147 ,  149 ,  152 ,  154 ,  156 ,  160 ,  163 ,  166 ,  169 ,  172 ,  173 ,  174 ,  175 ,  176 ,  177 ,  179 
,Critical,,  105 ,  106 ,  107 ,  109 ,  112 ,  114 ,  116 ,  116 ,  117 ,  118 ,  119 ,  119 ,  121 ,  122 ,  123 ,  125 ,  126 ,  128 ,  130 ,  133 ,  135 ,  137 ,  140 ,  142 ,  145 ,  148 ,  151 ,  151 ,  152 ,  153 ,  154 ,  155 ,  156 
,Evasion,,  120 ,  121 ,  123 ,  125 ,  128 ,  130 ,  132 ,  133 ,  134 ,  135 ,  136 ,  136 ,  138 ,  140 ,  141 ,  143 ,  144 ,  147 ,  149 ,  152 ,  154 ,  156 ,  160 ,  163 ,  166 ,  169 ,  172 ,  173 ,  174 ,  175 ,  176 ,  177 ,  179 
,Lv.,,  67 ,  68 ,  69 ,  70 ,  71 ,  72 ,  73 ,  74 ,  75 ,  76 ,  77 ,  78 ,  79 ,  80 ,  81 ,  82 ,  83 ,  84 ,  85 ,  86 ,  87 ,  88 ,  89 ,  90 ,  91 ,  92 ,  93 ,  94 ,  95 ,  96 ,  97 ,  98 ,  99 
,Max. HP,,"  2,930 ","  2,977 ","  3,030 ","  3,088 ","  3,095 ","  3,106 ","  3,124 ","  3,148 ","  3,177 ","  3,213 ","  3,254 ","  3,301 ","  3,354 ","  3,412 ","  3,419 ","  3,430 ","  3,448 ","  3,472 ","  3,501 ","  3,537 ","  3,578 ","  3,625 ","  3,678 ","  3,736 ","  3,743 ","  3,754 ","  3,772 ","  3,796 ","  3,825 ","  3,861 ","  3,902 ","  3,949 ","  4,002 "
,Max. SP,,  185 ,  187 ,  189 ,  192 ,  193 ,  195 ,  196 ,  197 ,  198 ,  200 ,  201 ,  202 ,  205 ,  208 ,  209 ,  210 ,  211 ,  213 ,  214 ,  215 ,  217 ,  218 ,  221 ,  223 ,  224 ,  226 ,  227 ,  228 ,  230 ,  231 ,  232 ,  234 ,  236 
,Phys. Atk.,,  226 ,  228 ,  231 ,  234 ,  235 ,  236 ,  237 ,  238 ,  240 ,  242 ,  244 ,  246 ,  249 ,  252 ,  253 ,  254 ,  255 ,  256 ,  258 ,  260 ,  262 ,  264 ,  267 ,  270 ,  271 ,  272 ,  273 ,  274 ,  276 ,  278 ,  280 ,  282 ,  285 
,Elem. Atk.,,  271 ,  273 ,  277 ,  280 ,  282 ,  283 ,  284 ,  285 ,  288 ,  290 ,  292 ,  295 ,  298 ,  302 ,  303 ,  304 ,  306 ,  307 ,  309 ,  312 ,  314 ,  316 ,  320 ,  324 ,  325 ,  326 ,  327 ,  328 ,  331 ,  333 ,  336 ,  338 ,  342 
,Phys. Def.,,  226 ,  228 ,  231 ,  234 ,  235 ,  236 ,  237 ,  238 ,  240 ,  242 ,  244 ,  246 ,  249 ,  252 ,  253 ,  254 ,  255 ,  256 ,  258 ,  260 ,  262 ,  264 ,  267 ,  270 ,  271 ,  272 ,  273 ,  274 ,  276 ,  278 ,  280 ,  282 ,  285 
,Elem. Def.,,  293 ,  296 ,  300 ,  304 ,  305 ,  306 ,  308 ,  309 ,  312 ,  314 ,  317 ,  319 ,  323 ,  327 ,  328 ,  330 ,  331 ,  332 ,  335 ,  338 ,  340 ,  343 ,  347 ,  351 ,  352 ,  353 ,  354 ,  356 ,  358 ,  361 ,  364 ,  366 ,  370 
,Accuracy,,  226 ,  228 ,  231 ,  234 ,  235 ,  236 ,  237 ,  238 ,  240 ,  242 ,  244 ,  246 ,  249 ,  252 ,  253 ,  254 ,  255 ,  256 ,  258 ,  260 ,  262 ,  264 ,  267 ,  270 ,  271 ,  272 ,  273 ,  274 ,  276 ,  278 ,  280 ,  282 ,  285 
,Speed,,  180 ,  182 ,  184 ,  187 ,  188 ,  188 ,  189 ,  190 ,  192 ,  193 ,  195 ,  196 ,  199 ,  201 ,  202 ,  203 ,  204 ,  204 ,  206 ,  208 ,  209 ,  211 ,  213 ,  216 ,  216 ,  217 ,  218 ,  219 ,  220 ,  222 ,  224 ,  225 ,  228 
,Critical,,  158 ,  159 ,  161 ,  163 ,  164 ,  165 ,  165 ,  166 ,  168 ,  169 ,  170 ,  172 ,  174 ,  176 ,  177 ,  177 ,  178 ,  179 ,  180 ,  182 ,  183 ,  184 ,  186 ,  189 ,  189 ,  190 ,  191 ,  191 ,  193 ,  194 ,  196 ,  197 ,  199 
,Evasion,,  180 ,  182 ,  184 ,  187 ,  188 ,  188 ,  189 ,  190 ,  192 ,  193 ,  195 ,  196 ,  199 ,  201 ,  202 ,  203 ,  204 ,  204 ,  206 ,  208 ,  209 ,  211 ,  213 ,  216 ,  216 ,  217 ,  218 ,  219 ,  220 ,  222 ,  224 ,  225 ,  228 
,,,,,,,,,,,,,,,,,,,,,,,,,,,,,,,,,,,
Throné Anguis,,,,,,,,,,,,,,,,,,,,,,,,,,,,,,,,,,,
,Lv.,,  1 ,  2 ,  3 ,  4 ,  5 ,  6 ,  7 ,  8 ,  9 ,  10 ,  11 ,  12 ,  13 ,  14 ,  15 ,  16 ,  17 ,  18 ,  19 ,  20 ,  21 ,  22 ,  23 ,  24 ,  25 ,  26 ,  27 ,  28 ,  29 ,  30 ,  31 ,  32 ,  33 
,Max. HP,,  250 ,  261 ,  282 ,  314 ,  356 ,  408 ,  471 ,  481 ,  500 ,  528 ,  565 ,  611 ,  666 ,  730 ,  803 ,  885 ,  976 ,"  1,077 ","  1,187 ","  1,306 ","  1,316 ","  1,335 ","  1,363 ","  1,400 ","  1,446 ","  1,501 ","  1,565 ","  1,638 ","  1,720 ","  1,811 ","  1,819 ","  1,835 ","  1,859 "
,Max. SP,,  40 ,  40 ,  41 ,  42 ,  43 ,  44 ,  45 ,  46 ,  47 ,  48 ,  48 ,  49 ,  51 ,  52 ,  54 ,  56 ,  57 ,  59 ,  61 ,  64 ,  64 ,  65 ,  66 ,  67 ,  68 ,  69 ,  71 ,  72 ,  74 ,  76 ,  76 ,  77 ,  78 
,Phys. Atk.,,  88 ,  89 ,  90 ,  92 ,  94 ,  96 ,  100 ,  101 ,  102 ,  103 ,  105 ,  107 ,  110 ,  113 ,  116 ,  119 ,  123 ,  127 ,  132 ,  136 ,  137 ,  138 ,  139 ,  141 ,  144 ,  146 ,  149 ,  152 ,  156 ,  159 ,  160 ,  161 ,  162 
,Elem. Atk.,,  80 ,  81 ,  82 ,  84 ,  86 ,  88 ,  91 ,  92 ,  93 ,  94 ,  96 ,  98 ,  100 ,  103 ,  106 ,  109 ,  112 ,  116 ,  120 ,  124 ,  125 ,  126 ,  127 ,  129 ,  131 ,  133 ,  136 ,  139 ,  142 ,  145 ,  146 ,  147 ,  148 
,Phys. Def.,,  64 ,  64 ,  65 ,  67 ,  68 ,  70 ,  72 ,  73 ,  74 ,  75 ,  76 ,  78 ,  80 ,  82 ,  84 ,  87 ,  89 ,  92 ,  96 ,  99 ,  100 ,  100 ,  101 ,  103 ,  104 ,  106 ,  108 ,  111 ,  113 ,  116 ,  116 ,  117 ,  118 
,Elem. Def.,,  64 ,  64 ,  65 ,  67 ,  68 ,  70 ,  72 ,  73 ,  74 ,  75 ,  76 ,  78 ,  80 ,  82 ,  84 ,  87 ,  89 ,  92 ,  96 ,  99 ,  100 ,  100 ,  101 ,  103 ,  104 ,  106 ,  108 ,  111 ,  113 ,  116 ,  116 ,  117 ,  118 
,Accuracy,,  88 ,  89 ,  90 ,  92 ,  94 ,  96 ,  100 ,  101 ,  102 ,  103 ,  105 ,  107 ,  110 ,  113 ,  116 ,  119 ,  123 ,  127 ,  132 ,  136 ,  137 ,  138 ,  139 ,  141 ,  144 ,  146 ,  149 ,  152 ,  156 ,  159 ,  160 ,  161 ,  162 
,Speed,,  96 ,  97 ,  98 ,  100 ,  103 ,  105 ,  109 ,  110 ,  111 ,  112 ,  115 ,  117 ,  120 ,  123 ,  127 ,  130 ,  134 ,  139 ,  144 ,  148 ,  150 ,  151 ,  152 ,  154 ,  157 ,  159 ,  163 ,  166 ,  170 ,  174 ,  175 ,  176 ,  177 
,Critical,,  80 ,  81 ,  82 ,  84 ,  86 ,  88 ,  91 ,  92 ,  93 ,  94 ,  96 ,  98 ,  100 ,  103 ,  106 ,  109 ,  112 ,  116 ,  120 ,  124 ,  125 ,  126 ,  127 ,  129 ,  131 ,  133 ,  136 ,  139 ,  142 ,  145 ,  146 ,  147 ,  148 
,Evasion,,  96 ,  97 ,  98 ,  100 ,  103 ,  105 ,  109 ,  110 ,  111 ,  112 ,  115 ,  117 ,  120 ,  123 ,  127 ,  130 ,  134 ,  139 ,  144 ,  148 ,  150 ,  151 ,  152 ,  154 ,  157 ,  159 ,  163 ,  166 ,  170 ,  174 ,  175 ,  176 ,  177 
,Lv.,,  34 ,  35 ,  36 ,  37 ,  38 ,  39 ,  40 ,  41 ,  42 ,  43 ,  44 ,  45 ,  46 ,  47 ,  48 ,  49 ,  50 ,  51 ,  52 ,  53 ,  54 ,  55 ,  56 ,  57 ,  58 ,  59 ,  60 ,  61 ,  62 ,  63 ,  64 ,  65 ,  66 
,Max. HP,,"  1,891 ","  1,930 ","  1,977 ","  2,032 ","  2,095 ","  2,166 ","  2,244 ","  2,248 ","  2,256 ","  2,268 ","  2,284 ","  2,304 ","  2,328 ","  2,356 ","  2,388 ","  2,424 ","  2,463 ","  2,506 ","  2,553 ","  2,604 ","  2,659 ","  2,718 ","  2,781 ","  2,848 ","  2,919 ","  2,994 ","  3,072 ","  3,079 ","  3,092 ","  3,112 ","  3,138 ","  3,171 ","  3,210 "
,Max. SP,,  79 ,  80 ,  80 ,  82 ,  84 ,  85 ,  87 ,  88 ,  88 ,  89 ,  90 ,  91 ,  92 ,  92 ,  93 ,  94 ,  95 ,  96 ,  96 ,  97 ,  99 ,  100 ,  102 ,  104 ,  105 ,  107 ,  108 ,  109 ,  110 ,  111 ,  112 ,  112 ,  113 
,Phys. Atk.,,  165 ,  167 ,  169 ,  172 ,  176 ,  179 ,  182 ,  183 ,  184 ,  185 ,  187 ,  188 ,  190 ,  192 ,  194 ,  196 ,  199 ,  202 ,  205 ,  209 ,  212 ,  215 ,  220 ,  224 ,  228 ,  233 ,  237 ,  238 ,  239 ,  240 ,  242 ,  244 ,  246 
,Elem. Atk.,,  150 ,  152 ,  154 ,  157 ,  160 ,  163 ,  166 ,  167 ,  168 ,  169 ,  170 ,  171 ,  173 ,  175 ,  177 ,  179 ,  181 ,  184 ,  187 ,  190 ,  193 ,  196 ,  200 ,  204 ,  208 ,  212 ,  216 ,  217 ,  218 ,  219 ,  220 ,  222 ,  224 
,Phys. Def.,,  120 ,  121 ,  123 ,  125 ,  128 ,  130 ,  132 ,  133 ,  134 ,  135 ,  136 ,  136 ,  138 ,  140 ,  141 ,  143 ,  144 ,  147 ,  149 ,  152 ,  154 ,  156 ,  160 ,  163 ,  166 ,  169 ,  172 ,  173 ,  174 ,  175 ,  176 ,  177 ,  179 
,Elem. Def.,,  120 ,  121 ,  123 ,  125 ,  128 ,  130 ,  132 ,  133 ,  134 ,  135 ,  136 ,  136 ,  138 ,  140 ,  141 ,  143 ,  144 ,  147 ,  149 ,  152 ,  154 ,  156 ,  160 ,  163 ,  166 ,  169 ,  172 ,  173 ,  174 ,  175 ,  176 ,  177 ,  179 
,Accuracy,,  165 ,  167 ,  169 ,  172 ,  176 ,  179 ,  182 ,  183 ,  184 ,  185 ,  187 ,  188 ,  190 ,  192 ,  194 ,  196 ,  199 ,  202 ,  205 ,  209 ,  212 ,  215 ,  220 ,  224 ,  228 ,  233 ,  237 ,  238 ,  239 ,  240 ,  242 ,  244 ,  246 
,Speed,,  180 ,  182 ,  184 ,  188 ,  192 ,  195 ,  199 ,  200 ,  201 ,  202 ,  204 ,  205 ,  207 ,  210 ,  212 ,  214 ,  217 ,  220 ,  224 ,  228 ,  231 ,  235 ,  240 ,  244 ,  249 ,  254 ,  259 ,  260 ,  261 ,  262 ,  264 ,  266 ,  268 
,Critical,,  150 ,  152 ,  154 ,  157 ,  160 ,  163 ,  166 ,  167 ,  168 ,  169 ,  170 ,  171 ,  173 ,  175 ,  177 ,  179 ,  181 ,  184 ,  187 ,  190 ,  193 ,  196 ,  200 ,  204 ,  208 ,  212 ,  216 ,  217 ,  218 ,  219 ,  220 ,  222 ,  224 
,Evasion,,  180 ,  182 ,  184 ,  188 ,  192 ,  195 ,  199 ,  200 ,  201 ,  202 ,  204 ,  205 ,  207 ,  210 ,  212 ,  214 ,  217 ,  220 ,  224 ,  228 ,  231 ,  235 ,  240 ,  244 ,  249 ,  254 ,  259 ,  260 ,  261 ,  262 ,  264 ,  266 ,  268 
,Lv.,,  67 ,  68 ,  69 ,  70 ,  71 ,  72 ,  73 ,  74 ,  75 ,  76 ,  77 ,  78 ,  79 ,  80 ,  81 ,  82 ,  83 ,  84 ,  85 ,  86 ,  87 ,  88 ,  89 ,  90 ,  91 ,  92 ,  93 ,  94 ,  95 ,  96 ,  97 ,  98 ,  99 
,Max. HP,,"  3,256 ","  3,308 ","  3,367 ","  3,432 ","  3,439 ","  3,452 ","  3,472 ","  3,498 ","  3,531 ","  3,570 ","  3,616 ","  3,668 ","  3,727 ","  3,792 ","  3,799 ","  3,812 ","  3,832 ","  3,858 ","  3,891 ","  3,930 ","  3,976 ","  4,028 ","  4,087 ","  4,152 ","  4,159 ","  4,172 ","  4,192 ","  4,218 ","  4,251 ","  4,290 ","  4,336 ","  4,388 ","  4,447 "
,Max. SP,,  114 ,  115 ,  116 ,  118 ,  119 ,  120 ,  120 ,  121 ,  122 ,  123 ,  124 ,  124 ,  126 ,  128 ,  128 ,  129 ,  130 ,  131 ,  132 ,  132 ,  133 ,  134 ,  136 ,  137 ,  138 ,  139 ,  140 ,  140 ,  141 ,  142 ,  143 ,  144 ,  145 
,Phys. Atk.,,  248 ,  250 ,  254 ,  257 ,  258 ,  259 ,  260 ,  261 ,  264 ,  266 ,  268 ,  270 ,  273 ,  277 ,  278 ,  279 ,  280 ,  281 ,  283 ,  286 ,  288 ,  290 ,  293 ,  297 ,  298 ,  299 ,  300 ,  301 ,  303 ,  305 ,  308 ,  310 ,  313 
,Elem. Atk.,,  226 ,  228 ,  231 ,  234 ,  235 ,  236 ,  237 ,  238 ,  240 ,  242 ,  244 ,  246 ,  249 ,  252 ,  253 ,  254 ,  255 ,  256 ,  258 ,  260 ,  262 ,  264 ,  267 ,  270 ,  271 ,  272 ,  273 ,  274 ,  276 ,  278 ,  280 ,  282 ,  285 
,Phys. Def.,,  180 ,  182 ,  184 ,  187 ,  188 ,  188 ,  189 ,  190 ,  192 ,  193 ,  195 ,  196 ,  199 ,  201 ,  202 ,  203 ,  204 ,  204 ,  206 ,  208 ,  209 ,  211 ,  213 ,  216 ,  216 ,  217 ,  218 ,  219 ,  220 ,  222 ,  224 ,  225 ,  228 
,Elem. Def.,,  180 ,  182 ,  184 ,  187 ,  188 ,  188 ,  189 ,  190 ,  192 ,  193 ,  195 ,  196 ,  199 ,  201 ,  202 ,  203 ,  204 ,  204 ,  206 ,  208 ,  209 ,  211 ,  213 ,  216 ,  216 ,  217 ,  218 ,  219 ,  220 ,  222 ,  224 ,  225 ,  228 
,Accuracy,,  248 ,  250 ,  254 ,  257 ,  258 ,  259 ,  260 ,  261 ,  264 ,  266 ,  268 ,  270 ,  273 ,  277 ,  278 ,  279 ,  280 ,  281 ,  283 ,  286 ,  288 ,  290 ,  293 ,  297 ,  298 ,  299 ,  300 ,  301 ,  303 ,  305 ,  308 ,  310 ,  313 
,Speed,,  271 ,  273 ,  277 ,  280 ,  282 ,  283 ,  284 ,  285 ,  288 ,  290 ,  292 ,  295 ,  298 ,  302 ,  303 ,  304 ,  306 ,  307 ,  309 ,  312 ,  314 ,  316 ,  320 ,  324 ,  325 ,  326 ,  327 ,  328 ,  331 ,  333 ,  336 ,  338 ,  342 
,Critical,,  226 ,  228 ,  231 ,  234 ,  235 ,  236 ,  237 ,  238 ,  240 ,  242 ,  244 ,  246 ,  249 ,  252 ,  253 ,  254 ,  255 ,  256 ,  258 ,  260 ,  262 ,  264 ,  267 ,  270 ,  271 ,  272 ,  273 ,  274 ,  276 ,  278 ,  280 ,  282 ,  285 
,Evasion,,  271 ,  273 ,  277 ,  280 ,  282 ,  283 ,  284 ,  285 ,  288 ,  290 ,  292 ,  295 ,  298 ,  302 ,  303 ,  304 ,  306 ,  307 ,  309 ,  312 ,  314 ,  316 ,  320 ,  324 ,  325 ,  326 ,  327 ,  328 ,  331 ,  333 ,  336 ,  338 ,  342 
,,,,,,,,,,,,,,,,,,,,,,,,,,,,,,,,,,,
Ochette,,,,,,,,,,,,,,,,,,,,,,,,,,,,,,,,,,,
,Lv.,,  1 ,  2 ,  3 ,  4 ,  5 ,  6 ,  7 ,  8 ,  9 ,  10 ,  11 ,  12 ,  13 ,  14 ,  15 ,  16 ,  17 ,  18 ,  19 ,  20 ,  21 ,  22 ,  23 ,  24 ,  25 ,  26 ,  27 ,  28 ,  29 ,  30 ,  31 ,  32 ,  33 
,Max. HP,,  250 ,  261 ,  282 ,  314 ,  356 ,  408 ,  471 ,  481 ,  500 ,  528 ,  565 ,  611 ,  666 ,  730 ,  803 ,  885 ,  976 ,"  1,077 ","  1,187 ","  1,306 ","  1,316 ","  1,335 ","  1,363 ","  1,400 ","  1,446 ","  1,501 ","  1,565 ","  1,638 ","  1,720 ","  1,811 ","  1,819 ","  1,835 ","  1,859 "
,Max. SP,,  40 ,  40 ,  41 ,  42 ,  43 ,  44 ,  45 ,  46 ,  47 ,  48 ,  48 ,  49 ,  51 ,  52 ,  54 ,  56 ,  57 ,  59 ,  61 ,  64 ,  64 ,  65 ,  66 ,  67 ,  68 ,  69 ,  71 ,  72 ,  74 ,  76 ,  76 ,  77 ,  78 
,Phys. Atk.,,  96 ,  97 ,  98 ,  100 ,  103 ,  105 ,  109 ,  110 ,  111 ,  112 ,  115 ,  117 ,  120 ,  123 ,  127 ,  130 ,  134 ,  139 ,  144 ,  148 ,  150 ,  151 ,  152 ,  154 ,  157 ,  159 ,  163 ,  166 ,  170 ,  174 ,  175 ,  176 ,  177 
,Elem. Atk.,,  80 ,  81 ,  82 ,  84 ,  86 ,  88 ,  91 ,  92 ,  93 ,  94 ,  96 ,  98 ,  100 ,  103 ,  106 ,  109 ,  112 ,  116 ,  120 ,  124 ,  125 ,  126 ,  127 ,  129 ,  131 ,  133 ,  136 ,  139 ,  142 ,  145 ,  146 ,  147 ,  148 
,Phys. Def.,,  64 ,  64 ,  65 ,  67 ,  68 ,  70 ,  72 ,  73 ,  74 ,  75 ,  76 ,  78 ,  80 ,  82 ,  84 ,  87 ,  89 ,  92 ,  96 ,  99 ,  100 ,  100 ,  101 ,  103 ,  104 ,  106 ,  108 ,  111 ,  113 ,  116 ,  116 ,  117 ,  118 
,Elem. Def.,,  64 ,  64 ,  65 ,  67 ,  68 ,  70 ,  72 ,  73 ,  74 ,  75 ,  76 ,  78 ,  80 ,  82 ,  84 ,  87 ,  89 ,  92 ,  96 ,  99 ,  100 ,  100 ,  101 ,  103 ,  104 ,  106 ,  108 ,  111 ,  113 ,  116 ,  116 ,  117 ,  118 
,Accuracy,,  96 ,  97 ,  98 ,  100 ,  103 ,  105 ,  109 ,  110 ,  111 ,  112 ,  115 ,  117 ,  120 ,  123 ,  127 ,  130 ,  134 ,  139 ,  144 ,  148 ,  150 ,  151 ,  152 ,  154 ,  157 ,  159 ,  163 ,  166 ,  170 ,  174 ,  175 ,  176 ,  177 
,Speed,,  80 ,  81 ,  82 ,  84 ,  86 ,  88 ,  91 ,  92 ,  93 ,  94 ,  96 ,  98 ,  100 ,  103 ,  106 ,  109 ,  112 ,  116 ,  120 ,  124 ,  125 ,  126 ,  127 ,  129 ,  131 ,  133 ,  136 ,  139 ,  142 ,  145 ,  146 ,  147 ,  148 
,Critical,,  88 ,  89 ,  90 ,  92 ,  94 ,  96 ,  100 ,  101 ,  102 ,  103 ,  105 ,  107 ,  110 ,  113 ,  116 ,  119 ,  123 ,  127 ,  132 ,  136 ,  137 ,  138 ,  139 ,  141 ,  144 ,  146 ,  149 ,  152 ,  156 ,  159 ,  160 ,  161 ,  162 
,Evasion,,  88 ,  89 ,  90 ,  92 ,  94 ,  96 ,  100 ,  101 ,  102 ,  103 ,  105 ,  107 ,  110 ,  113 ,  116 ,  119 ,  123 ,  127 ,  132 ,  136 ,  137 ,  138 ,  139 ,  141 ,  144 ,  146 ,  149 ,  152 ,  156 ,  159 ,  160 ,  161 ,  162 
,Lv.,,  34 ,  35 ,  36 ,  37 ,  38 ,  39 ,  40 ,  41 ,  42 ,  43 ,  44 ,  45 ,  46 ,  47 ,  48 ,  49 ,  50 ,  51 ,  52 ,  53 ,  54 ,  55 ,  56 ,  57 ,  58 ,  59 ,  60 ,  61 ,  62 ,  63 ,  64 ,  65 ,  66 
,Max. HP,,"  1,891 ","  1,930 ","  1,977 ","  2,032 ","  2,095 ","  2,166 ","  2,244 ","  2,248 ","  2,256 ","  2,268 ","  2,284 ","  2,304 ","  2,328 ","  2,356 ","  2,388 ","  2,424 ","  2,463 ","  2,506 ","  2,553 ","  2,604 ","  2,659 ","  2,718 ","  2,781 ","  2,848 ","  2,919 ","  2,994 ","  3,072 ","  3,079 ","  3,092 ","  3,112 ","  3,138 ","  3,171 ","  3,210 "
,Max. SP,,  79 ,  80 ,  80 ,  82 ,  84 ,  85 ,  87 ,  88 ,  88 ,  89 ,  90 ,  91 ,  92 ,  92 ,  93 ,  94 ,  95 ,  96 ,  96 ,  97 ,  99 ,  100 ,  102 ,  104 ,  105 ,  107 ,  108 ,  109 ,  110 ,  111 ,  112 ,  112 ,  113 
,Phys. Atk.,,  180 ,  182 ,  184 ,  188 ,  192 ,  195 ,  199 ,  200 ,  201 ,  202 ,  204 ,  205 ,  207 ,  210 ,  212 ,  214 ,  217 ,  220 ,  224 ,  228 ,  231 ,  235 ,  240 ,  244 ,  249 ,  254 ,  259 ,  260 ,  261 ,  262 ,  264 ,  266 ,  268 
,Elem. Atk.,,  150 ,  152 ,  154 ,  157 ,  160 ,  163 ,  166 ,  167 ,  168 ,  169 ,  170 ,  171 ,  173 ,  175 ,  177 ,  179 ,  181 ,  184 ,  187 ,  190 ,  193 ,  196 ,  200 ,  204 ,  208 ,  212 ,  216 ,  217 ,  218 ,  219 ,  220 ,  222 ,  224 
,Phys. Def.,,  120 ,  121 ,  123 ,  125 ,  128 ,  130 ,  132 ,  133 ,  134 ,  135 ,  136 ,  136 ,  138 ,  140 ,  141 ,  143 ,  144 ,  147 ,  149 ,  152 ,  154 ,  156 ,  160 ,  163 ,  166 ,  169 ,  172 ,  173 ,  174 ,  175 ,  176 ,  177 ,  179 
,Elem. Def.,,  120 ,  121 ,  123 ,  125 ,  128 ,  130 ,  132 ,  133 ,  134 ,  135 ,  136 ,  136 ,  138 ,  140 ,  141 ,  143 ,  144 ,  147 ,  149 ,  152 ,  154 ,  156 ,  160 ,  163 ,  166 ,  169 ,  172 ,  173 ,  174 ,  175 ,  176 ,  177 ,  179 
,Accuracy,,  180 ,  182 ,  184 ,  188 ,  192 ,  195 ,  199 ,  200 ,  201 ,  202 ,  204 ,  205 ,  207 ,  210 ,  212 ,  214 ,  217 ,  220 ,  224 ,  228 ,  231 ,  235 ,  240 ,  244 ,  249 ,  254 ,  259 ,  260 ,  261 ,  262 ,  264 ,  266 ,  268 
,Speed,,  150 ,  152 ,  154 ,  157 ,  160 ,  163 ,  166 ,  167 ,  168 ,  169 ,  170 ,  171 ,  173 ,  175 ,  177 ,  179 ,  181 ,  184 ,  187 ,  190 ,  193 ,  196 ,  200 ,  204 ,  208 ,  212 ,  216 ,  217 ,  218 ,  219 ,  220 ,  222 ,  224 
,Critical,,  165 ,  167 ,  169 ,  172 ,  176 ,  179 ,  182 ,  183 ,  184 ,  185 ,  187 ,  188 ,  190 ,  192 ,  194 ,  196 ,  199 ,  202 ,  205 ,  209 ,  212 ,  215 ,  220 ,  224 ,  228 ,  233 ,  237 ,  238 ,  239 ,  240 ,  242 ,  244 ,  246 
,Evasion,,  165 ,  167 ,  169 ,  172 ,  176 ,  179 ,  182 ,  183 ,  184 ,  185 ,  187 ,  188 ,  190 ,  192 ,  194 ,  196 ,  199 ,  202 ,  205 ,  209 ,  212 ,  215 ,  220 ,  224 ,  228 ,  233 ,  237 ,  238 ,  239 ,  240 ,  242 ,  244 ,  246 
,Lv.,,  67 ,  68 ,  69 ,  70 ,  71 ,  72 ,  73 ,  74 ,  75 ,  76 ,  77 ,  78 ,  79 ,  80 ,  81 ,  82 ,  83 ,  84 ,  85 ,  86 ,  87 ,  88 ,  89 ,  90 ,  91 ,  92 ,  93 ,  94 ,  95 ,  96 ,  97 ,  98 ,  99 
,Max. HP,,"  3,256 ","  3,308 ","  3,367 ","  3,432 ","  3,439 ","  3,452 ","  3,472 ","  3,498 ","  3,531 ","  3,570 ","  3,616 ","  3,668 ","  3,727 ","  3,792 ","  3,799 ","  3,812 ","  3,832 ","  3,858 ","  3,891 ","  3,930 ","  3,976 ","  4,028 ","  4,087 ","  4,152 ","  4,159 ","  4,172 ","  4,192 ","  4,218 ","  4,251 ","  4,290 ","  4,336 ","  4,388 ","  4,447 "
,Max. SP,,  114 ,  115 ,  116 ,  118 ,  119 ,  120 ,  120 ,  121 ,  122 ,  123 ,  124 ,  124 ,  126 ,  128 ,  128 ,  129 ,  130 ,  131 ,  132 ,  132 ,  133 ,  134 ,  136 ,  137 ,  138 ,  139 ,  140 ,  140 ,  141 ,  142 ,  143 ,  144 ,  145 
,Phys. Atk.,,  271 ,  273 ,  277 ,  280 ,  282 ,  283 ,  284 ,  285 ,  288 ,  290 ,  292 ,  295 ,  298 ,  302 ,  303 ,  304 ,  306 ,  307 ,  309 ,  312 ,  314 ,  316 ,  320 ,  324 ,  325 ,  326 ,  327 ,  328 ,  331 ,  333 ,  336 ,  338 ,  342 
,Elem. Atk.,,  226 ,  228 ,  231 ,  234 ,  235 ,  236 ,  237 ,  238 ,  240 ,  242 ,  244 ,  246 ,  249 ,  252 ,  253 ,  254 ,  255 ,  256 ,  258 ,  260 ,  262 ,  264 ,  267 ,  270 ,  271 ,  272 ,  273 ,  274 ,  276 ,  278 ,  280 ,  282 ,  285 
,Phys. Def.,,  180 ,  182 ,  184 ,  187 ,  188 ,  188 ,  189 ,  190 ,  192 ,  193 ,  195 ,  196 ,  199 ,  201 ,  202 ,  203 ,  204 ,  204 ,  206 ,  208 ,  209 ,  211 ,  213 ,  216 ,  216 ,  217 ,  218 ,  219 ,  220 ,  222 ,  224 ,  225 ,  228 
,Elem. Def.,,  180 ,  182 ,  184 ,  187 ,  188 ,  188 ,  189 ,  190 ,  192 ,  193 ,  195 ,  196 ,  199 ,  201 ,  202 ,  203 ,  204 ,  204 ,  206 ,  208 ,  209 ,  211 ,  213 ,  216 ,  216 ,  217 ,  218 ,  219 ,  220 ,  222 ,  224 ,  225 ,  228 
,Accuracy,,  271 ,  273 ,  277 ,  280 ,  282 ,  283 ,  284 ,  285 ,  288 ,  290 ,  292 ,  295 ,  298 ,  302 ,  303 ,  304 ,  306 ,  307 ,  309 ,  312 ,  314 ,  316 ,  320 ,  324 ,  325 ,  326 ,  327 ,  328 ,  331 ,  333 ,  336 ,  338 ,  342 
,Speed,,  226 ,  228 ,  231 ,  234 ,  235 ,  236 ,  237 ,  238 ,  240 ,  242 ,  244 ,  246 ,  249 ,  252 ,  253 ,  254 ,  255 ,  256 ,  258 ,  260 ,  262 ,  264 ,  267 ,  270 ,  271 ,  272 ,  273 ,  274 ,  276 ,  278 ,  280 ,  282 ,  285 
,Critical,,  248 ,  250 ,  254 ,  257 ,  258 ,  259 ,  260 ,  261 ,  264 ,  266 ,  268 ,  270 ,  273 ,  277 ,  278 ,  279 ,  280 ,  281 ,  283 ,  286 ,  288 ,  290 ,  293 ,  297 ,  298 ,  299 ,  300 ,  301 ,  303 ,  305 ,  308 ,  310 ,  313 
,Evasion,,  248 ,  250 ,  254 ,  257 ,  258 ,  259 ,  260 ,  261 ,  264 ,  266 ,  268 ,  270 ,  273 ,  277 ,  278 ,  279 ,  280 ,  281 ,  283 ,  286 ,  288 ,  290 ,  293 ,  297 ,  298 ,  299 ,  300 ,  301 ,  303 ,  305 ,  308 ,  310 ,  313 
,,,,,,,,,,,,,,,,,,,,,,,,,,,,,,,,,,,
Castti Florenz,,,,,,,,,,,,,,,,,,,,,,,,,,,,,,,,,,,
,Lv.,,  1 ,  2 ,  3 ,  4 ,  5 ,  6 ,  7 ,  8 ,  9 ,  10 ,  11 ,  12 ,  13 ,  14 ,  15 ,  16 ,  17 ,  18 ,  19 ,  20 ,  21 ,  22 ,  23 ,  24 ,  25 ,  26 ,  27 ,  28 ,  29 ,  30 ,  31 ,  32 ,  33 
,Max. HP,,  300 ,  313 ,  338 ,  376 ,  427 ,  489 ,  565 ,  577 ,  600 ,  633 ,  678 ,  733 ,  799 ,  876 ,  963 ,"  1,062 ","  1,171 ","  1,292 ","  1,424 ","  1,567 ","  1,579 ","  1,602 ","  1,635 ","  1,680 ","  1,735 ","  1,801 ","  1,878 ","  1,965 ","  2,064 ","  2,173 ","  2,182 ","  2,202 ","  2,230 "
,Max. SP,,  50 ,  51 ,  52 ,  53 ,  54 ,  55 ,  57 ,  58 ,  59 ,  60 ,  61 ,  62 ,  64 ,  66 ,  68 ,  70 ,  72 ,  74 ,  77 ,  80 ,  81 ,  82 ,  83 ,  84 ,  85 ,  87 ,  89 ,  91 ,  93 ,  95 ,  96 ,  97 ,  98 
,Phys. Atk.,,  88 ,  89 ,  90 ,  92 ,  94 ,  96 ,  100 ,  101 ,  102 ,  103 ,  105 ,  107 ,  110 ,  113 ,  116 ,  119 ,  123 ,  127 ,  132 ,  136 ,  137 ,  138 ,  139 ,  141 ,  144 ,  146 ,  149 ,  152 ,  156 ,  159 ,  160 ,  161 ,  162 
,Elem. Atk.,,  80 ,  81 ,  82 ,  84 ,  86 ,  88 ,  91 ,  92 ,  93 ,  94 ,  96 ,  98 ,  100 ,  103 ,  106 ,  109 ,  112 ,  116 ,  120 ,  124 ,  125 ,  126 ,  127 ,  129 ,  131 ,  133 ,  136 ,  139 ,  142 ,  145 ,  146 ,  147 ,  148 
,Phys. Def.,,  80 ,  81 ,  82 ,  84 ,  86 ,  88 ,  91 ,  92 ,  93 ,  94 ,  96 ,  98 ,  100 ,  103 ,  106 ,  109 ,  112 ,  116 ,  120 ,  124 ,  125 ,  126 ,  127 ,  129 ,  131 ,  133 ,  136 ,  139 ,  142 ,  145 ,  146 ,  147 ,  148 
,Elem. Def.,,  80 ,  81 ,  82 ,  84 ,  86 ,  88 ,  91 ,  92 ,  93 ,  94 ,  96 ,  98 ,  100 ,  103 ,  106 ,  109 ,  112 ,  116 ,  120 ,  124 ,  125 ,  126 ,  127 ,  129 ,  131 ,  133 ,  136 ,  139 ,  142 ,  145 ,  146 ,  147 ,  148 
,Accuracy,,  80 ,  81 ,  82 ,  84 ,  86 ,  88 ,  91 ,  92 ,  93 ,  94 ,  96 ,  98 ,  100 ,  103 ,  106 ,  109 ,  112 ,  116 ,  120 ,  124 ,  125 ,  126 ,  127 ,  129 ,  131 ,  133 ,  136 ,  139 ,  142 ,  145 ,  146 ,  147 ,  148 
,Speed,,  64 ,  64 ,  65 ,  67 ,  68 ,  70 ,  72 ,  73 ,  74 ,  75 ,  76 ,  78 ,  80 ,  82 ,  84 ,  87 ,  89 ,  92 ,  96 ,  99 ,  100 ,  100 ,  101 ,  103 ,  104 ,  106 ,  108 ,  111 ,  113 ,  116 ,  116 ,  117 ,  118 
,Critical,,  80 ,  81 ,  82 ,  84 ,  86 ,  88 ,  91 ,  92 ,  93 ,  94 ,  96 ,  98 ,  100 ,  103 ,  106 ,  109 ,  112 ,  116 ,  120 ,  124 ,  125 ,  126 ,  127 ,  129 ,  131 ,  133 ,  136 ,  139 ,  142 ,  145 ,  146 ,  147 ,  148 
,Evasion,,  72 ,  72 ,  73 ,  75 ,  77 ,  79 ,  81 ,  82 ,  83 ,  84 ,  86 ,  88 ,  90 ,  92 ,  95 ,  98 ,  100 ,  104 ,  108 ,  111 ,  112 ,  113 ,  114 ,  116 ,  117 ,  119 ,  122 ,  125 ,  127 ,  130 ,  131 ,  132 ,  133 
,Lv.,,  34 ,  35 ,  36 ,  37 ,  38 ,  39 ,  40 ,  41 ,  42 ,  43 ,  44 ,  45 ,  46 ,  47 ,  48 ,  49 ,  50 ,  51 ,  52 ,  53 ,  54 ,  55 ,  56 ,  57 ,  58 ,  59 ,  60 ,  61 ,  62 ,  63 ,  64 ,  65 ,  66 
,Max. HP,,"  2,269 ","  2,316 ","  2,372 ","  2,438 ","  2,514 ","  2,599 ","  2,692 ","  2,697 ","  2,707 ","  2,721 ","  2,740 ","  2,764 ","  2,793 ","  2,827 ","  2,865 ","  2,908 ","  2,955 ","  3,007 ","  3,063 ","  3,124 ","  3,190 ","  3,261 ","  3,337 ","  3,417 ","  3,502 ","  3,592 ","  3,686 ","  3,694 ","  3,710 ","  3,734 ","  3,765 ","  3,805 ","  3,852 "
,Max. SP,,  99 ,  100 ,  101 ,  103 ,  105 ,  107 ,  109 ,  110 ,  111 ,  112 ,  113 ,  114 ,  115 ,  116 ,  117 ,  118 ,  119 ,  120 ,  121 ,  122 ,  124 ,  126 ,  128 ,  130 ,  132 ,  134 ,  136 ,  137 ,  138 ,  139 ,  140 ,  141 ,  142 
,Phys. Atk.,,  165 ,  167 ,  169 ,  172 ,  176 ,  179 ,  182 ,  183 ,  184 ,  185 ,  187 ,  188 ,  190 ,  192 ,  194 ,  196 ,  199 ,  202 ,  205 ,  209 ,  212 ,  215 ,  220 ,  224 ,  228 ,  233 ,  237 ,  238 ,  239 ,  240 ,  242 ,  244 ,  246 
,Elem. Atk.,,  150 ,  152 ,  154 ,  157 ,  160 ,  163 ,  166 ,  167 ,  168 ,  169 ,  170 ,  171 ,  173 ,  175 ,  177 ,  179 ,  181 ,  184 ,  187 ,  190 ,  193 ,  196 ,  200 ,  204 ,  208 ,  212 ,  216 ,  217 ,  218 ,  219 ,  220 ,  222 ,  224 
,Phys. Def.,,  150 ,  152 ,  154 ,  157 ,  160 ,  163 ,  166 ,  167 ,  168 ,  169 ,  170 ,  171 ,  173 ,  175 ,  177 ,  179 ,  181 ,  184 ,  187 ,  190 ,  193 ,  196 ,  200 ,  204 ,  208 ,  212 ,  216 ,  217 ,  218 ,  219 ,  220 ,  222 ,  224 
,Elem. Def.,,  150 ,  152 ,  154 ,  157 ,  160 ,  163 ,  166 ,  167 ,  168 ,  169 ,  170 ,  171 ,  173 ,  175 ,  177 ,  179 ,  181 ,  184 ,  187 ,  190 ,  193 ,  196 ,  200 ,  204 ,  208 ,  212 ,  216 ,  217 ,  218 ,  219 ,  220 ,  222 ,  224 
,Accuracy,,  150 ,  152 ,  154 ,  157 ,  160 ,  163 ,  166 ,  167 ,  168 ,  169 ,  170 ,  171 ,  173 ,  175 ,  177 ,  179 ,  181 ,  184 ,  187 ,  190 ,  193 ,  196 ,  200 ,  204 ,  208 ,  212 ,  216 ,  217 ,  218 ,  219 ,  220 ,  222 ,  224 
,Speed,,  120 ,  121 ,  123 ,  125 ,  128 ,  130 ,  132 ,  133 ,  134 ,  135 ,  136 ,  136 ,  138 ,  140 ,  141 ,  143 ,  144 ,  147 ,  149 ,  152 ,  154 ,  156 ,  160 ,  163 ,  166 ,  169 ,  172 ,  173 ,  174 ,  175 ,  176 ,  177 ,  179 
,Critical,,  150 ,  152 ,  154 ,  157 ,  160 ,  163 ,  166 ,  167 ,  168 ,  169 ,  170 ,  171 ,  173 ,  175 ,  177 ,  179 ,  181 ,  184 ,  187 ,  190 ,  193 ,  196 ,  200 ,  204 ,  208 ,  212 ,  216 ,  217 ,  218 ,  219 ,  220 ,  222 ,  224 
,Evasion,,  135 ,  136 ,  138 ,  141 ,  144 ,  146 ,  149 ,  150 ,  151 ,  152 ,  153 ,  153 ,  155 ,  157 ,  159 ,  161 ,  162 ,  165 ,  168 ,  171 ,  173 ,  176 ,  180 ,  183 ,  187 ,  190 ,  194 ,  195 ,  196 ,  197 ,  198 ,  199 ,  201 
,Lv.,,  67 ,  68 ,  69 ,  70 ,  71 ,  72 ,  73 ,  74 ,  75 ,  76 ,  77 ,  78 ,  79 ,  80 ,  81 ,  82 ,  83 ,  84 ,  85 ,  86 ,  87 ,  88 ,  89 ,  90 ,  91 ,  92 ,  93 ,  94 ,  95 ,  96 ,  97 ,  98 ,  99 
,Max. HP,,"  3,907 ","  3,969 ","  4,040 ","  4,118 ","  4,126 ","  4,142 ","  4,166 ","  4,197 ","  4,237 ","  4,284 ","  4,339 ","  4,401 ","  4,472 ","  4,550 ","  4,558 ","  4,574 ","  4,598 ","  4,629 ","  4,669 ","  4,716 ","  4,771 ","  4,833 ","  4,904 ","  4,982 ","  4,990 ","  5,006 ","  5,030 ","  5,061 ","  5,101 ","  5,148 ","  5,203 ","  5,265 ","  5,336 "
,Max. SP,,  143 ,  144 ,  146 ,  148 ,  149 ,  150 ,  151 ,  152 ,  153 ,  154 ,  155 ,  156 ,  158 ,  160 ,  161 ,  162 ,  163 ,  164 ,  165 ,  166 ,  167 ,  168 ,  170 ,  172 ,  173 ,  174 ,  175 ,  176 ,  177 ,  178 ,  179 ,  180 ,  182 
,Phys. Atk.,,  248 ,  250 ,  254 ,  257 ,  258 ,  259 ,  260 ,  261 ,  264 ,  266 ,  268 ,  270 ,  273 ,  277 ,  278 ,  279 ,  280 ,  281 ,  283 ,  286 ,  288 ,  290 ,  293 ,  297 ,  298 ,  299 ,  300 ,  301 ,  303 ,  305 ,  308 ,  310 ,  313 
,Elem. Atk.,,  226 ,  228 ,  231 ,  234 ,  235 ,  236 ,  237 ,  238 ,  240 ,  242 ,  244 ,  246 ,  249 ,  252 ,  253 ,  254 ,  255 ,  256 ,  258 ,  260 ,  262 ,  264 ,  267 ,  270 ,  271 ,  272 ,  273 ,  274 ,  276 ,  278 ,  280 ,  282 ,  285 
,Phys. Def.,,  226 ,  228 ,  231 ,  234 ,  235 ,  236 ,  237 ,  238 ,  240 ,  242 ,  244 ,  246 ,  249 ,  252 ,  253 ,  254 ,  255 ,  256 ,  258 ,  260 ,  262 ,  264 ,  267 ,  270 ,  271 ,  272 ,  273 ,  274 ,  276 ,  278 ,  280 ,  282 ,  285 
,Elem. Def.,,  226 ,  228 ,  231 ,  234 ,  235 ,  236 ,  237 ,  238 ,  240 ,  242 ,  244 ,  246 ,  249 ,  252 ,  253 ,  254 ,  255 ,  256 ,  258 ,  260 ,  262 ,  264 ,  267 ,  270 ,  271 ,  272 ,  273 ,  274 ,  276 ,  278 ,  280 ,  282 ,  285 
,Accuracy,,  226 ,  228 ,  231 ,  234 ,  235 ,  236 ,  237 ,  238 ,  240 ,  242 ,  244 ,  246 ,  249 ,  252 ,  253 ,  254 ,  255 ,  256 ,  258 ,  260 ,  262 ,  264 ,  267 ,  270 ,  271 ,  272 ,  273 ,  274 ,  276 ,  278 ,  280 ,  282 ,  285 
,Speed,,  180 ,  182 ,  184 ,  187 ,  188 ,  188 ,  189 ,  190 ,  192 ,  193 ,  195 ,  196 ,  199 ,  201 ,  202 ,  203 ,  204 ,  204 ,  206 ,  208 ,  209 ,  211 ,  213 ,  216 ,  216 ,  217 ,  218 ,  219 ,  220 ,  222 ,  224 ,  225 ,  228 
,Critical,,  226 ,  228 ,  231 ,  234 ,  235 ,  236 ,  237 ,  238 ,  240 ,  242 ,  244 ,  246 ,  249 ,  252 ,  253 ,  254 ,  255 ,  256 ,  258 ,  260 ,  262 ,  264 ,  267 ,  270 ,  271 ,  272 ,  273 ,  274 ,  276 ,  278 ,  280 ,  282 ,  285 
,Evasion,,  203 ,  205 ,  207 ,  210 ,  211 ,  212 ,  213 ,  214 ,  216 ,  217 ,  219 ,  221 ,  224 ,  226 ,  227 ,  228 ,  229 ,  230 ,  232 ,  234 ,  235 ,  237 ,  240 ,  243 ,  243 ,  244 ,  245 ,  246 ,  248 ,  250 ,  252 ,  253 ,  256 
,,,,,,,,,,,,,,,,,,,,,,,,,,,,,,,,,,,
Hikari,,,,,,,,,,,,,,,,,,,,,,,,,,,,,,,,,,,
,Lv.,,  1 ,  2 ,  3 ,  4 ,  5 ,  6 ,  7 ,  8 ,  9 ,  10 ,  11 ,  12 ,  13 ,  14 ,  15 ,  16 ,  17 ,  18 ,  19 ,  20 ,  21 ,  22 ,  23 ,  24 ,  25 ,  26 ,  27 ,  28 ,  29 ,  30 ,  31 ,  32 ,  33 
,Max. HP,,  325 ,  339 ,  366 ,  408 ,  462 ,  530 ,  612 ,  625 ,  650 ,  686 ,  734 ,  794 ,  865 ,  949 ,"  1,043 ","  1,150 ","  1,268 ","  1,400 ","  1,543 ","  1,697 ","  1,710 ","  1,735 ","  1,771 ","  1,820 ","  1,879 ","  1,951 ","  2,034 ","  2,129 ","  2,235 ","  2,354 ","  2,364 ","  2,385 ","  2,416 "
,Max. SP,,  40 ,  40 ,  41 ,  42 ,  43 ,  44 ,  45 ,  46 ,  47 ,  48 ,  48 ,  49 ,  51 ,  52 ,  54 ,  56 ,  57 ,  59 ,  61 ,  64 ,  64 ,  65 ,  66 ,  67 ,  68 ,  69 ,  71 ,  72 ,  74 ,  76 ,  76 ,  77 ,  78 
,Phys. Atk.,,  96 ,  97 ,  98 ,  100 ,  103 ,  105 ,  109 ,  110 ,  111 ,  112 ,  115 ,  117 ,  120 ,  123 ,  127 ,  130 ,  134 ,  139 ,  144 ,  148 ,  150 ,  151 ,  152 ,  154 ,  157 ,  159 ,  163 ,  166 ,  170 ,  174 ,  175 ,  176 ,  177 
,Elem. Atk.,,  72 ,  72 ,  73 ,  75 ,  77 ,  79 ,  81 ,  82 ,  83 ,  84 ,  86 ,  88 ,  90 ,  92 ,  95 ,  98 ,  100 ,  104 ,  108 ,  111 ,  112 ,  113 ,  114 ,  116 ,  117 ,  119 ,  122 ,  125 ,  127 ,  130 ,  131 ,  132 ,  133 
,Phys. Def.,,  88 ,  89 ,  90 ,  92 ,  94 ,  96 ,  100 ,  101 ,  102 ,  103 ,  105 ,  107 ,  110 ,  113 ,  116 ,  119 ,  123 ,  127 ,  132 ,  136 ,  137 ,  138 ,  139 ,  141 ,  144 ,  146 ,  149 ,  152 ,  156 ,  159 ,  160 ,  161 ,  162 
,Elem. Def.,,  64 ,  64 ,  65 ,  67 ,  68 ,  70 ,  72 ,  73 ,  74 ,  75 ,  76 ,  78 ,  80 ,  82 ,  84 ,  87 ,  89 ,  92 ,  96 ,  99 ,  100 ,  100 ,  101 ,  103 ,  104 ,  106 ,  108 ,  111 ,  113 ,  116 ,  116 ,  117 ,  118 
,Accuracy,,  88 ,  89 ,  90 ,  92 ,  94 ,  96 ,  100 ,  101 ,  102 ,  103 ,  105 ,  107 ,  110 ,  113 ,  116 ,  119 ,  123 ,  127 ,  132 ,  136 ,  137 ,  138 ,  139 ,  141 ,  144 ,  146 ,  149 ,  152 ,  156 ,  159 ,  160 ,  161 ,  162 
,Speed,,  80 ,  81 ,  82 ,  84 ,  86 ,  88 ,  91 ,  92 ,  93 ,  94 ,  96 ,  98 ,  100 ,  103 ,  106 ,  109 ,  112 ,  116 ,  120 ,  124 ,  125 ,  126 ,  127 ,  129 ,  131 ,  133 ,  136 ,  139 ,  142 ,  145 ,  146 ,  147 ,  148 
,Critical,,  80 ,  81 ,  82 ,  84 ,  86 ,  88 ,  91 ,  92 ,  93 ,  94 ,  96 ,  98 ,  100 ,  103 ,  106 ,  109 ,  112 ,  116 ,  120 ,  124 ,  125 ,  126 ,  127 ,  129 ,  131 ,  133 ,  136 ,  139 ,  142 ,  145 ,  146 ,  147 ,  148 
,Evasion,,  64 ,  64 ,  65 ,  67 ,  68 ,  70 ,  72 ,  73 ,  74 ,  75 ,  76 ,  78 ,  80 ,  82 ,  84 ,  87 ,  89 ,  92 ,  96 ,  99 ,  100 ,  100 ,  101 ,  103 ,  104 ,  106 ,  108 ,  111 ,  113 ,  116 ,  116 ,  117 ,  118 
,Lv.,,  34 ,  35 ,  36 ,  37 ,  38 ,  39 ,  40 ,  41 ,  42 ,  43 ,  44 ,  45 ,  46 ,  47 ,  48 ,  49 ,  50 ,  51 ,  52 ,  53 ,  54 ,  55 ,  56 ,  57 ,  58 ,  59 ,  60 ,  61 ,  62 ,  63 ,  64 ,  65 ,  66 
,Max. HP,,"  2,458 ","  2,509 ","  2,570 ","  2,641 ","  2,723 ","  2,815 ","  2,917 ","  2,922 ","  2,932 ","  2,948 ","  2,969 ","  2,995 ","  3,026 ","  3,062 ","  3,104 ","  3,151 ","  3,201 ","  3,257 ","  3,318 ","  3,385 ","  3,456 ","  3,533 ","  3,615 ","  3,702 ","  3,794 ","  3,892 ","  3,993 ","  4,002 ","  4,019 ","  4,045 ","  4,079 ","  4,122 ","  4,173 "
,Max. SP,,  79 ,  80 ,  80 ,  82 ,  84 ,  85 ,  87 ,  88 ,  88 ,  89 ,  90 ,  91 ,  92 ,  92 ,  93 ,  94 ,  95 ,  96 ,  96 ,  97 ,  99 ,  100 ,  102 ,  104 ,  105 ,  107 ,  108 ,  109 ,  110 ,  111 ,  112 ,  112 ,  113 
,Phys. Atk.,,  180 ,  182 ,  184 ,  188 ,  192 ,  195 ,  199 ,  200 ,  201 ,  202 ,  204 ,  205 ,  207 ,  210 ,  212 ,  214 ,  217 ,  220 ,  224 ,  228 ,  231 ,  235 ,  240 ,  244 ,  249 ,  254 ,  259 ,  260 ,  261 ,  262 ,  264 ,  266 ,  268 
,Elem. Atk.,,  135 ,  136 ,  138 ,  141 ,  144 ,  146 ,  149 ,  150 ,  151 ,  152 ,  153 ,  153 ,  155 ,  157 ,  159 ,  161 ,  162 ,  165 ,  168 ,  171 ,  173 ,  176 ,  180 ,  183 ,  187 ,  190 ,  194 ,  195 ,  196 ,  197 ,  198 ,  199 ,  201 
,Phys. Def.,,  165 ,  167 ,  169 ,  172 ,  176 ,  179 ,  182 ,  183 ,  184 ,  185 ,  187 ,  188 ,  190 ,  192 ,  194 ,  196 ,  199 ,  202 ,  205 ,  209 ,  212 ,  215 ,  220 ,  224 ,  228 ,  233 ,  237 ,  238 ,  239 ,  240 ,  242 ,  244 ,  246 
,Elem. Def.,,  120 ,  121 ,  123 ,  125 ,  128 ,  130 ,  132 ,  133 ,  134 ,  135 ,  136 ,  136 ,  138 ,  140 ,  141 ,  143 ,  144 ,  147 ,  149 ,  152 ,  154 ,  156 ,  160 ,  163 ,  166 ,  169 ,  172 ,  173 ,  174 ,  175 ,  176 ,  177 ,  179 
,Accuracy,,  165 ,  167 ,  169 ,  172 ,  176 ,  179 ,  182 ,  183 ,  184 ,  185 ,  187 ,  188 ,  190 ,  192 ,  194 ,  196 ,  199 ,  202 ,  205 ,  209 ,  212 ,  215 ,  220 ,  224 ,  228 ,  233 ,  237 ,  238 ,  239 ,  240 ,  242 ,  244 ,  246 
,Speed,,  150 ,  152 ,  154 ,  157 ,  160 ,  163 ,  166 ,  167 ,  168 ,  169 ,  170 ,  171 ,  173 ,  175 ,  177 ,  179 ,  181 ,  184 ,  187 ,  190 ,  193 ,  196 ,  200 ,  204 ,  208 ,  212 ,  216 ,  217 ,  218 ,  219 ,  220 ,  222 ,  224 
,Critical,,  150 ,  152 ,  154 ,  157 ,  160 ,  163 ,  166 ,  167 ,  168 ,  169 ,  170 ,  171 ,  173 ,  175 ,  177 ,  179 ,  181 ,  184 ,  187 ,  190 ,  193 ,  196 ,  200 ,  204 ,  208 ,  212 ,  216 ,  217 ,  218 ,  219 ,  220 ,  222 ,  224 
,Evasion,,  120 ,  121 ,  123 ,  125 ,  128 ,  130 ,  132 ,  133 ,  134 ,  135 ,  136 ,  136 ,  138 ,  140 ,  141 ,  143 ,  144 ,  147 ,  149 ,  152 ,  154 ,  156 ,  160 ,  163 ,  166 ,  169 ,  172 ,  173 ,  174 ,  175 ,  176 ,  177 ,  179 
,Lv.,,  67 ,  68 ,  69 ,  70 ,  71 ,  72 ,  73 ,  74 ,  75 ,  76 ,  77 ,  78 ,  79 ,  80 ,  81 ,  82 ,  83 ,  84 ,  85 ,  86 ,  87 ,  88 ,  89 ,  90 ,  91 ,  92 ,  93 ,  94 ,  95 ,  96 ,  97 ,  98 ,  99 
,Max. HP,,"  4,232 ","  4,300 ","  4,377 ","  4,461 ","  4,470 ","  4,487 ","  4,513 ","  4,547 ","  4,590 ","  4,641 ","  4,700 ","  4,768 ","  4,845 ","  4,929 ","  4,938 ","  4,955 ","  4,981 ","  5,015 ","  5,058 ","  5,109 ","  5,168 ","  5,236 ","  5,313 ","  5,397 ","  5,406 ","  5,423 ","  5,449 ","  5,483 ","  5,526 ","  5,577 ","  5,636 ","  5,704 ","  5,781 "
,Max. SP,,  114 ,  115 ,  116 ,  118 ,  119 ,  120 ,  120 ,  121 ,  122 ,  123 ,  124 ,  124 ,  126 ,  128 ,  128 ,  129 ,  130 ,  131 ,  132 ,  132 ,  133 ,  134 ,  136 ,  137 ,  138 ,  139 ,  140 ,  140 ,  141 ,  142 ,  143 ,  144 ,  145 
,Phys. Atk.,,  271 ,  273 ,  277 ,  280 ,  282 ,  283 ,  284 ,  285 ,  288 ,  290 ,  292 ,  295 ,  298 ,  302 ,  303 ,  304 ,  306 ,  307 ,  309 ,  312 ,  314 ,  316 ,  320 ,  324 ,  325 ,  326 ,  327 ,  328 ,  331 ,  333 ,  336 ,  338 ,  342 
,Elem. Atk.,,  203 ,  205 ,  207 ,  210 ,  211 ,  212 ,  213 ,  214 ,  216 ,  217 ,  219 ,  221 ,  224 ,  226 ,  227 ,  228 ,  229 ,  230 ,  232 ,  234 ,  235 ,  237 ,  240 ,  243 ,  243 ,  244 ,  245 ,  246 ,  248 ,  250 ,  252 ,  253 ,  256 
,Phys. Def.,,  248 ,  250 ,  254 ,  257 ,  258 ,  259 ,  260 ,  261 ,  264 ,  266 ,  268 ,  270 ,  273 ,  277 ,  278 ,  279 ,  280 ,  281 ,  283 ,  286 ,  288 ,  290 ,  293 ,  297 ,  298 ,  299 ,  300 ,  301 ,  303 ,  305 ,  308 ,  310 ,  313 
,Elem. Def.,,  180 ,  182 ,  184 ,  187 ,  188 ,  188 ,  189 ,  190 ,  192 ,  193 ,  195 ,  196 ,  199 ,  201 ,  202 ,  203 ,  204 ,  204 ,  206 ,  208 ,  209 ,  211 ,  213 ,  216 ,  216 ,  217 ,  218 ,  219 ,  220 ,  222 ,  224 ,  225 ,  228 
,Accuracy,,  248 ,  250 ,  254 ,  257 ,  258 ,  259 ,  260 ,  261 ,  264 ,  266 ,  268 ,  270 ,  273 ,  277 ,  278 ,  279 ,  280 ,  281 ,  283 ,  286 ,  288 ,  290 ,  293 ,  297 ,  298 ,  299 ,  300 ,  301 ,  303 ,  305 ,  308 ,  310 ,  313 
,Speed,,  226 ,  228 ,  231 ,  234 ,  235 ,  236 ,  237 ,  238 ,  240 ,  242 ,  244 ,  246 ,  249 ,  252 ,  253 ,  254 ,  255 ,  256 ,  258 ,  260 ,  262 ,  264 ,  267 ,  270 ,  271 ,  272 ,  273 ,  274 ,  276 ,  278 ,  280 ,  282 ,  285 
,Critical,,  226 ,  228 ,  231 ,  234 ,  235 ,  236 ,  237 ,  238 ,  240 ,  242 ,  244 ,  246 ,  249 ,  252 ,  253 ,  254 ,  255 ,  256 ,  258 ,  260 ,  262 ,  264 ,  267 ,  270 ,  271 ,  272 ,  273 ,  274 ,  276 ,  278 ,  280 ,  282 ,  285 
,Evasion,,  180 ,  182 ,  184 ,  187 ,  188 ,  188 ,  189 ,  190 ,  192 ,  193 ,  195 ,  196 ,  199 ,  201 ,  202 ,  203 ,  204 ,  204 ,  206 ,  208 ,  209 ,  211 ,  213 ,  216 ,  216 ,  217 ,  218 ,  219 ,  220 ,  222 ,  224 ,  225 ,  228 
,,,,,,,,,,,,,,,,,,,,,,,,,,,,,,,,,,,
Agnea Bristarni,,,,,,,,,,,,,,,,,,,,,,,,,,,,,,,,,,,
,Lv.,,  1 ,  2 ,  3 ,  4 ,  5 ,  6 ,  7 ,  8 ,  9 ,  10 ,  11 ,  12 ,  13 ,  14 ,  15 ,  16 ,  17 ,  18 ,  19 ,  20 ,  21 ,  22 ,  23 ,  24 ,  25 ,  26 ,  27 ,  28 ,  29 ,  30 ,  31 ,  32 ,  33 
,Max. HP,,  225 ,  234 ,  253 ,  282 ,  320 ,  367 ,  423 ,  432 ,  450 ,  475 ,  508 ,  549 ,  599 ,  657 ,  722 ,  796 ,  878 ,  969 ,"  1,068 ","  1,175 ","  1,184 ","  1,201 ","  1,226 ","  1,260 ","  1,301 ","  1,350 ","  1,408 ","  1,474 ","  1,548 ","  1,629 ","  1,637 ","  1,651 ","  1,673 "
,Max. SP,,  50 ,  51 ,  52 ,  53 ,  54 ,  55 ,  57 ,  58 ,  59 ,  60 ,  61 ,  62 ,  64 ,  66 ,  68 ,  70 ,  72 ,  74 ,  77 ,  80 ,  81 ,  82 ,  83 ,  84 ,  85 ,  87 ,  89 ,  91 ,  93 ,  95 ,  96 ,  97 ,  98 
,Phys. Atk.,,  80 ,  81 ,  82 ,  84 ,  86 ,  88 ,  91 ,  92 ,  93 ,  94 ,  96 ,  98 ,  100 ,  103 ,  106 ,  109 ,  112 ,  116 ,  120 ,  124 ,  125 ,  126 ,  127 ,  129 ,  131 ,  133 ,  136 ,  139 ,  142 ,  145 ,  146 ,  147 ,  148 
,Elem. Atk.,,  96 ,  97 ,  98 ,  100 ,  103 ,  105 ,  109 ,  110 ,  111 ,  112 ,  115 ,  117 ,  120 ,  123 ,  127 ,  130 ,  134 ,  139 ,  144 ,  148 ,  150 ,  151 ,  152 ,  154 ,  157 ,  159 ,  163 ,  166 ,  170 ,  174 ,  175 ,  176 ,  177 
,Phys. Def.,,  56 ,  56 ,  57 ,  58 ,  60 ,  61 ,  63 ,  64 ,  65 ,  65 ,  67 ,  68 ,  70 ,  72 ,  74 ,  76 ,  78 ,  81 ,  84 ,  86 ,  87 ,  88 ,  88 ,  90 ,  91 ,  93 ,  95 ,  97 ,  99 ,  101 ,  102 ,  102 ,  103 
,Elem. Def.,,  64 ,  64 ,  65 ,  67 ,  68 ,  70 ,  72 ,  73 ,  74 ,  75 ,  76 ,  78 ,  80 ,  82 ,  84 ,  87 ,  89 ,  92 ,  96 ,  99 ,  100 ,  100 ,  101 ,  103 ,  104 ,  106 ,  108 ,  111 ,  113 ,  116 ,  116 ,  117 ,  118 
,Accuracy,,  80 ,  81 ,  82 ,  84 ,  86 ,  88 ,  91 ,  92 ,  93 ,  94 ,  96 ,  98 ,  100 ,  103 ,  106 ,  109 ,  112 ,  116 ,  120 ,  124 ,  125 ,  126 ,  127 ,  129 ,  131 ,  133 ,  136 ,  139 ,  142 ,  145 ,  146 ,  147 ,  148 
,Speed,,  104 ,  105 ,  106 ,  109 ,  111 ,  114 ,  118 ,  119 ,  120 ,  122 ,  124 ,  127 ,  130 ,  133 ,  137 ,  141 ,  145 ,  150 ,  156 ,  161 ,  162 ,  163 ,  165 ,  167 ,  170 ,  172 ,  176 ,  180 ,  184 ,  188 ,  189 ,  191 ,  192 
,Critical,,  80 ,  81 ,  82 ,  84 ,  86 ,  88 ,  91 ,  92 ,  93 ,  94 ,  96 ,  98 ,  100 ,  103 ,  106 ,  109 ,  112 ,  116 ,  120 ,  124 ,  125 ,  126 ,  127 ,  129 ,  131 ,  133 ,  136 ,  139 ,  142 ,  145 ,  146 ,  147 ,  148 
,Evasion,,  88 ,  89 ,  90 ,  92 ,  94 ,  96 ,  100 ,  101 ,  102 ,  103 ,  105 ,  107 ,  110 ,  113 ,  116 ,  119 ,  123 ,  127 ,  132 ,  136 ,  137 ,  138 ,  139 ,  141 ,  144 ,  146 ,  149 ,  152 ,  156 ,  159 ,  160 ,  161 ,  162 
,Lv.,,  34 ,  35 ,  36 ,  37 ,  38 ,  39 ,  40 ,  41 ,  42 ,  43 ,  44 ,  45 ,  46 ,  47 ,  48 ,  49 ,  50 ,  51 ,  52 ,  53 ,  54 ,  55 ,  56 ,  57 ,  58 ,  59 ,  60 ,  61 ,  62 ,  63 ,  64 ,  65 ,  66 
,Max. HP,,"  1,701 ","  1,737 ","  1,779 ","  1,828 ","  1,885 ","  1,949 ","  2,019 ","  2,023 ","  2,030 ","  2,041 ","  2,055 ","  2,073 ","  2,095 ","  2,120 ","  2,149 ","  2,181 ","  2,216 ","  2,255 ","  2,297 ","  2,343 ","  2,393 ","  2,446 ","  2,502 ","  2,563 ","  2,627 ","  2,694 ","  2,764 ","  2,771 ","  2,782 ","  2,800 ","  2,824 ","  2,853 ","  2,889 "
,Max. SP,,  99 ,  100 ,  101 ,  103 ,  105 ,  107 ,  109 ,  110 ,  111 ,  112 ,  113 ,  114 ,  115 ,  116 ,  117 ,  118 ,  119 ,  120 ,  121 ,  122 ,  124 ,  126 ,  128 ,  130 ,  132 ,  134 ,  136 ,  137 ,  138 ,  139 ,  140 ,  141 ,  142 
,Phys. Atk.,,  150 ,  152 ,  154 ,  157 ,  160 ,  163 ,  166 ,  167 ,  168 ,  169 ,  170 ,  171 ,  173 ,  175 ,  177 ,  179 ,  181 ,  184 ,  187 ,  190 ,  193 ,  196 ,  200 ,  204 ,  208 ,  212 ,  216 ,  217 ,  218 ,  219 ,  220 ,  222 ,  224 
,Elem. Atk.,,  180 ,  182 ,  184 ,  188 ,  192 ,  195 ,  199 ,  200 ,  201 ,  202 ,  204 ,  205 ,  207 ,  210 ,  212 ,  214 ,  217 ,  220 ,  224 ,  228 ,  231 ,  235 ,  240 ,  244 ,  249 ,  254 ,  259 ,  260 ,  261 ,  262 ,  264 ,  266 ,  268 
,Phys. Def.,,  105 ,  106 ,  107 ,  109 ,  112 ,  114 ,  116 ,  116 ,  117 ,  118 ,  119 ,  119 ,  121 ,  122 ,  123 ,  125 ,  126 ,  128 ,  130 ,  133 ,  135 ,  137 ,  140 ,  142 ,  145 ,  148 ,  151 ,  151 ,  152 ,  153 ,  154 ,  155 ,  156 
,Elem. Def.,,  120 ,  121 ,  123 ,  125 ,  128 ,  130 ,  132 ,  133 ,  134 ,  135 ,  136 ,  136 ,  138 ,  140 ,  141 ,  143 ,  144 ,  147 ,  149 ,  152 ,  154 ,  156 ,  160 ,  163 ,  166 ,  169 ,  172 ,  173 ,  174 ,  175 ,  176 ,  177 ,  179 
,Accuracy,,  150 ,  152 ,  154 ,  157 ,  160 ,  163 ,  166 ,  167 ,  168 ,  169 ,  170 ,  171 ,  173 ,  175 ,  177 ,  179 ,  181 ,  184 ,  187 ,  190 ,  193 ,  196 ,  200 ,  204 ,  208 ,  212 ,  216 ,  217 ,  218 ,  219 ,  220 ,  222 ,  224 
,Speed,,  195 ,  197 ,  200 ,  204 ,  208 ,  211 ,  215 ,  217 ,  218 ,  219 ,  221 ,  222 ,  224 ,  227 ,  230 ,  232 ,  235 ,  239 ,  243 ,  247 ,  250 ,  254 ,  260 ,  265 ,  270 ,  275 ,  280 ,  282 ,  283 ,  284 ,  286 ,  288 ,  291 
,Critical,,  150 ,  152 ,  154 ,  157 ,  160 ,  163 ,  166 ,  167 ,  168 ,  169 ,  170 ,  171 ,  173 ,  175 ,  177 ,  179 ,  181 ,  184 ,  187 ,  190 ,  193 ,  196 ,  200 ,  204 ,  208 ,  212 ,  216 ,  217 ,  218 ,  219 ,  220 ,  222 ,  224 
,Evasion,,  165 ,  167 ,  169 ,  172 ,  176 ,  179 ,  182 ,  183 ,  184 ,  185 ,  187 ,  188 ,  190 ,  192 ,  194 ,  196 ,  199 ,  202 ,  205 ,  209 ,  212 ,  215 ,  220 ,  224 ,  228 ,  233 ,  237 ,  238 ,  239 ,  240 ,  242 ,  244 ,  246 
,Lv.,,  67 ,  68 ,  69 ,  70 ,  71 ,  72 ,  73 ,  74 ,  75 ,  76 ,  77 ,  78 ,  79 ,  80 ,  81 ,  82 ,  83 ,  84 ,  85 ,  86 ,  87 ,  88 ,  89 ,  90 ,  91 ,  92 ,  93 ,  94 ,  95 ,  96 ,  97 ,  98 ,  99 
,Max. HP,,"  2,930 ","  2,977 ","  3,030 ","  3,088 ","  3,095 ","  3,106 ","  3,124 ","  3,148 ","  3,177 ","  3,213 ","  3,254 ","  3,301 ","  3,354 ","  3,412 ","  3,419 ","  3,430 ","  3,448 ","  3,472 ","  3,501 ","  3,537 ","  3,578 ","  3,625 ","  3,678 ","  3,736 ","  3,743 ","  3,754 ","  3,772 ","  3,796 ","  3,825 ","  3,861 ","  3,902 ","  3,949 ","  4,002 "
,Max. SP,,  143 ,  144 ,  146 ,  148 ,  149 ,  150 ,  151 ,  152 ,  153 ,  154 ,  155 ,  156 ,  158 ,  160 ,  161 ,  162 ,  163 ,  164 ,  165 ,  166 ,  167 ,  168 ,  170 ,  172 ,  173 ,  174 ,  175 ,  176 ,  177 ,  178 ,  179 ,  180 ,  182 
,Phys. Atk.,,  226 ,  228 ,  231 ,  234 ,  235 ,  236 ,  237 ,  238 ,  240 ,  242 ,  244 ,  246 ,  249 ,  252 ,  253 ,  254 ,  255 ,  256 ,  258 ,  260 ,  262 ,  264 ,  267 ,  270 ,  271 ,  272 ,  273 ,  274 ,  276 ,  278 ,  280 ,  282 ,  285 
,Elem. Atk.,,  271 ,  273 ,  277 ,  280 ,  282 ,  283 ,  284 ,  285 ,  288 ,  290 ,  292 ,  295 ,  298 ,  302 ,  303 ,  304 ,  306 ,  307 ,  309 ,  312 ,  314 ,  316 ,  320 ,  324 ,  325 ,  326 ,  327 ,  328 ,  331 ,  333 ,  336 ,  338 ,  342 
,Phys. Def.,,  158 ,  159 ,  161 ,  163 ,  164 ,  165 ,  165 ,  166 ,  168 ,  169 ,  170 ,  172 ,  174 ,  176 ,  177 ,  177 ,  178 ,  179 ,  180 ,  182 ,  183 ,  184 ,  186 ,  189 ,  189 ,  190 ,  191 ,  191 ,  193 ,  194 ,  196 ,  197 ,  199 
,Elem. Def.,,  180 ,  182 ,  184 ,  187 ,  188 ,  188 ,  189 ,  190 ,  192 ,  193 ,  195 ,  196 ,  199 ,  201 ,  202 ,  203 ,  204 ,  204 ,  206 ,  208 ,  209 ,  211 ,  213 ,  216 ,  216 ,  217 ,  218 ,  219 ,  220 ,  222 ,  224 ,  225 ,  228 
,Accuracy,,  226 ,  228 ,  231 ,  234 ,  235 ,  236 ,  237 ,  238 ,  240 ,  242 ,  244 ,  246 ,  249 ,  252 ,  253 ,  254 ,  255 ,  256 ,  258 ,  260 ,  262 ,  264 ,  267 ,  270 ,  271 ,  272 ,  273 ,  274 ,  276 ,  278 ,  280 ,  282 ,  285 
,Speed,,  293 ,  296 ,  300 ,  304 ,  305 ,  306 ,  308 ,  309 ,  312 ,  314 ,  317 ,  319 ,  323 ,  327 ,  328 ,  330 ,  331 ,  332 ,  335 ,  338 ,  340 ,  343 ,  347 ,  351 ,  352 ,  353 ,  354 ,  356 ,  358 ,  361 ,  364 ,  366 ,  370 
,Critical,,  226 ,  228 ,  231 ,  234 ,  235 ,  236 ,  237 ,  238 ,  240 ,  242 ,  244 ,  246 ,  249 ,  252 ,  253 ,  254 ,  255 ,  256 ,  258 ,  260 ,  262 ,  264 ,  267 ,  270 ,  271 ,  272 ,  273 ,  274 ,  276 ,  278 ,  280 ,  282 ,  285 
,Evasion,,  248 ,  250 ,  254 ,  257 ,  258 ,  259 ,  260 ,  261 ,  264 ,  266 ,  268 ,  270 ,  273 ,  277 ,  278 ,  279 ,  280 ,  281 ,  283 ,  286 ,  288 ,  290 ,  293 ,  297 ,  298 ,  299 ,  300 ,  301 ,  303 ,  305 ,  308 ,  310 ,  313 
,,,,,,,,,,,,,,,,,,,,,,,,,,,,,,,,,,,
Partitio Yellowil,,,,,,,,,,,,,,,,,,,,,,,,,,,,,,,,,,,
,Lv.,,  1 ,  2 ,  3 ,  4 ,  5 ,  6 ,  7 ,  8 ,  9 ,  10 ,  11 ,  12 ,  13 ,  14 ,  15 ,  16 ,  17 ,  18 ,  19 ,  20 ,  21 ,  22 ,  23 ,  24 ,  25 ,  26 ,  27 ,  28 ,  29 ,  30 ,  31 ,  32 ,  33 
,Max. HP,,  275 ,  287 ,  310 ,  345 ,  391 ,  448 ,  518 ,  529 ,  550 ,  580 ,  621 ,  672 ,  732 ,  803 ,  883 ,  973 ,"  1,073 ","  1,184 ","  1,305 ","  1,436 ","  1,447 ","  1,468 ","  1,499 ","  1,540 ","  1,590 ","  1,651 ","  1,721 ","  1,801 ","  1,892 ","  1,992 ","  2,000 ","  2,018 ","  2,044 "
,Max. SP,,  50 ,  51 ,  52 ,  53 ,  54 ,  55 ,  57 ,  58 ,  59 ,  60 ,  61 ,  62 ,  64 ,  66 ,  68 ,  70 ,  72 ,  74 ,  77 ,  80 ,  81 ,  82 ,  83 ,  84 ,  85 ,  87 ,  89 ,  91 ,  93 ,  95 ,  96 ,  97 ,  98 
,Phys. Atk.,,  88 ,  89 ,  90 ,  92 ,  94 ,  96 ,  100 ,  101 ,  102 ,  103 ,  105 ,  107 ,  110 ,  113 ,  116 ,  119 ,  123 ,  127 ,  132 ,  136 ,  137 ,  138 ,  139 ,  141 ,  144 ,  146 ,  149 ,  152 ,  156 ,  159 ,  160 ,  161 ,  162 
,Elem. Atk.,,  88 ,  89 ,  90 ,  92 ,  94 ,  96 ,  100 ,  101 ,  102 ,  103 ,  105 ,  107 ,  110 ,  113 ,  116 ,  119 ,  123 ,  127 ,  132 ,  136 ,  137 ,  138 ,  139 ,  141 ,  144 ,  146 ,  149 ,  152 ,  156 ,  159 ,  160 ,  161 ,  162 
,Phys. Def.,,  80 ,  81 ,  82 ,  84 ,  86 ,  88 ,  91 ,  92 ,  93 ,  94 ,  96 ,  98 ,  100 ,  103 ,  106 ,  109 ,  112 ,  116 ,  120 ,  124 ,  125 ,  126 ,  127 ,  129 ,  131 ,  133 ,  136 ,  139 ,  142 ,  145 ,  146 ,  147 ,  148 
,Elem. Def.,,  80 ,  81 ,  82 ,  84 ,  86 ,  88 ,  91 ,  92 ,  93 ,  94 ,  96 ,  98 ,  100 ,  103 ,  106 ,  109 ,  112 ,  116 ,  120 ,  124 ,  125 ,  126 ,  127 ,  129 ,  131 ,  133 ,  136 ,  139 ,  142 ,  145 ,  146 ,  147 ,  148 
,Accuracy,,  80 ,  81 ,  82 ,  84 ,  86 ,  88 ,  91 ,  92 ,  93 ,  94 ,  96 ,  98 ,  100 ,  103 ,  106 ,  109 ,  112 ,  116 ,  120 ,  124 ,  125 ,  126 ,  127 ,  129 ,  131 ,  133 ,  136 ,  139 ,  142 ,  145 ,  146 ,  147 ,  148 
,Speed,,  72 ,  72 ,  73 ,  75 ,  77 ,  79 ,  81 ,  82 ,  83 ,  84 ,  86 ,  88 ,  90 ,  92 ,  95 ,  98 ,  100 ,  104 ,  108 ,  111 ,  112 ,  113 ,  114 ,  116 ,  117 ,  119 ,  122 ,  125 ,  127 ,  130 ,  131 ,  132 ,  133 
,Critical,,  72 ,  72 ,  73 ,  75 ,  77 ,  79 ,  81 ,  82 ,  83 ,  84 ,  86 ,  88 ,  90 ,  92 ,  95 ,  98 ,  100 ,  104 ,  108 ,  111 ,  112 ,  113 ,  114 ,  116 ,  117 ,  119 ,  122 ,  125 ,  127 ,  130 ,  131 ,  132 ,  133 
,Evasion,,  72 ,  72 ,  73 ,  75 ,  77 ,  79 ,  81 ,  82 ,  83 ,  84 ,  86 ,  88 ,  90 ,  92 ,  95 ,  98 ,  100 ,  104 ,  108 ,  111 ,  112 ,  113 ,  114 ,  116 ,  117 ,  119 ,  122 ,  125 ,  127 ,  130 ,  131 ,  132 ,  133 
,Lv.,,  34 ,  35 ,  36 ,  37 ,  38 ,  39 ,  40 ,  41 ,  42 ,  43 ,  44 ,  45 ,  46 ,  47 ,  48 ,  49 ,  50 ,  51 ,  52 ,  53 ,  54 ,  55 ,  56 ,  57 ,  58 ,  59 ,  60 ,  61 ,  62 ,  63 ,  64 ,  65 ,  66 
,Max. HP,,"  2,080 ","  2,123 ","  2,174 ","  2,235 ","  2,304 ","  2,382 ","  2,468 ","  2,472 ","  2,481 ","  2,494 ","  2,512 ","  2,534 ","  2,560 ","  2,591 ","  2,626 ","  2,666 ","  2,709 ","  2,756 ","  2,808 ","  2,864 ","  2,924 ","  2,989 ","  3,059 ","  3,132 ","  3,210 ","  3,293 ","  3,379 ","  3,386 ","  3,401 ","  3,423 ","  3,451 ","  3,488 ","  3,531 "
,Max. SP,,  99 ,  100 ,  101 ,  103 ,  105 ,  107 ,  109 ,  110 ,  111 ,  112 ,  113 ,  114 ,  115 ,  116 ,  117 ,  118 ,  119 ,  120 ,  121 ,  122 ,  124 ,  126 ,  128 ,  130 ,  132 ,  134 ,  136 ,  137 ,  138 ,  139 ,  140 ,  141 ,  142 
,Phys. Atk.,,  165 ,  167 ,  169 ,  172 ,  176 ,  179 ,  182 ,  183 ,  184 ,  185 ,  187 ,  188 ,  190 ,  192 ,  194 ,  196 ,  199 ,  202 ,  205 ,  209 ,  212 ,  215 ,  220 ,  224 ,  228 ,  233 ,  237 ,  238 ,  239 ,  240 ,  242 ,  244 ,  246 
,Elem. Atk.,,  165 ,  167 ,  169 ,  172 ,  176 ,  179 ,  182 ,  183 ,  184 ,  185 ,  187 ,  188 ,  190 ,  192 ,  194 ,  196 ,  199 ,  202 ,  205 ,  209 ,  212 ,  215 ,  220 ,  224 ,  228 ,  233 ,  237 ,  238 ,  239 ,  240 ,  242 ,  244 ,  246 
,Phys. Def.,,  150 ,  152 ,  154 ,  157 ,  160 ,  163 ,  166 ,  167 ,  168 ,  169 ,  170 ,  171 ,  173 ,  175 ,  177 ,  179 ,  181 ,  184 ,  187 ,  190 ,  193 ,  196 ,  200 ,  204 ,  208 ,  212 ,  216 ,  217 ,  218 ,  219 ,  220 ,  222 ,  224 
,Elem. Def.,,  150 ,  152 ,  154 ,  157 ,  160 ,  163 ,  166 ,  167 ,  168 ,  169 ,  170 ,  171 ,  173 ,  175 ,  177 ,  179 ,  181 ,  184 ,  187 ,  190 ,  193 ,  196 ,  200 ,  204 ,  208 ,  212 ,  216 ,  217 ,  218 ,  219 ,  220 ,  222 ,  224 
,Accuracy,,  150 ,  152 ,  154 ,  157 ,  160 ,  163 ,  166 ,  167 ,  168 ,  169 ,  170 ,  171 ,  173 ,  175 ,  177 ,  179 ,  181 ,  184 ,  187 ,  190 ,  193 ,  196 ,  200 ,  204 ,  208 ,  212 ,  216 ,  217 ,  218 ,  219 ,  220 ,  222 ,  224 
,Speed,,  135 ,  136 ,  138 ,  141 ,  144 ,  146 ,  149 ,  150 ,  151 ,  152 ,  153 ,  153 ,  155 ,  157 ,  159 ,  161 ,  162 ,  165 ,  168 ,  171 ,  173 ,  176 ,  180 ,  183 ,  187 ,  190 ,  194 ,  195 ,  196 ,  197 ,  198 ,  199 ,  201 
,Critical,,  135 ,  136 ,  138 ,  141 ,  144 ,  146 ,  149 ,  150 ,  151 ,  152 ,  153 ,  153 ,  155 ,  157 ,  159 ,  161 ,  162 ,  165 ,  168 ,  171 ,  173 ,  176 ,  180 ,  183 ,  187 ,  190 ,  194 ,  195 ,  196 ,  197 ,  198 ,  199 ,  201 
,Evasion,,  135 ,  136 ,  138 ,  141 ,  144 ,  146 ,  149 ,  150 ,  151 ,  152 ,  153 ,  153 ,  155 ,  157 ,  159 ,  161 ,  162 ,  165 ,  168 ,  171 ,  173 ,  176 ,  180 ,  183 ,  187 ,  190 ,  194 ,  195 ,  196 ,  197 ,  198 ,  199 ,  201 
,Lv.,,  67 ,  68 ,  69 ,  70 ,  71 ,  72 ,  73 ,  74 ,  75 ,  76 ,  77 ,  78 ,  79 ,  80 ,  81 ,  82 ,  83 ,  84 ,  85 ,  86 ,  87 ,  88 ,  89 ,  90 ,  91 ,  92 ,  93 ,  94 ,  95 ,  96 ,  97 ,  98 ,  99 
,Max. HP,,"  3,581 ","  3,638 ","  3,703 ","  3,775 ","  3,782 ","  3,797 ","  3,819 ","  3,847 ","  3,884 ","  3,927 ","  3,977 ","  4,034 ","  4,099 ","  4,171 ","  4,178 ","  4,193 ","  4,215 ","  4,243 ","  4,280 ","  4,323 ","  4,373 ","  4,430 ","  4,495 ","  4,567 ","  4,574 ","  4,589 ","  4,611 ","  4,639 ","  4,676 ","  4,719 ","  4,769 ","  4,826 ","  4,891 "
,Max. SP,,  143 ,  144 ,  146 ,  148 ,  149 ,  150 ,  151 ,  152 ,  153 ,  154 ,  155 ,  156 ,  158 ,  160 ,  161 ,  162 ,  163 ,  164 ,  165 ,  166 ,  167 ,  168 ,  170 ,  172 ,  173 ,  174 ,  175 ,  176 ,  177 ,  178 ,  179 ,  180 ,  182 
,Phys. Atk.,,  248 ,  250 ,  254 ,  257 ,  258 ,  259 ,  260 ,  261 ,  264 ,  266 ,  268 ,  270 ,  273 ,  277 ,  278 ,  279 ,  280 ,  281 ,  283 ,  286 ,  288 ,  290 ,  293 ,  297 ,  298 ,  299 ,  300 ,  301 ,  303 ,  305 ,  308 ,  310 ,  313 
,Elem. Atk.,,  248 ,  250 ,  254 ,  257 ,  258 ,  259 ,  260 ,  261 ,  264 ,  266 ,  268 ,  270 ,  273 ,  277 ,  278 ,  279 ,  280 ,  281 ,  283 ,  286 ,  288 ,  290 ,  293 ,  297 ,  298 ,  299 ,  300 ,  301 ,  303 ,  305 ,  308 ,  310 ,  313 
,Phys. Def.,,  226 ,  228 ,  231 ,  234 ,  235 ,  236 ,  237 ,  238 ,  240 ,  242 ,  244 ,  246 ,  249 ,  252 ,  253 ,  254 ,  255 ,  256 ,  258 ,  260 ,  262 ,  264 ,  267 ,  270 ,  271 ,  272 ,  273 ,  274 ,  276 ,  278 ,  280 ,  282 ,  285 
,Elem. Def.,,  226 ,  228 ,  231 ,  234 ,  235 ,  236 ,  237 ,  238 ,  240 ,  242 ,  244 ,  246 ,  249 ,  252 ,  253 ,  254 ,  255 ,  256 ,  258 ,  260 ,  262 ,  264 ,  267 ,  270 ,  271 ,  272 ,  273 ,  274 ,  276 ,  278 ,  280 ,  282 ,  285 
,Accuracy,,  226 ,  228 ,  231 ,  234 ,  235 ,  236 ,  237 ,  238 ,  240 ,  242 ,  244 ,  246 ,  249 ,  252 ,  253 ,  254 ,  255 ,  256 ,  258 ,  260 ,  262 ,  264 ,  267 ,  270 ,  271 ,  272 ,  273 ,  274 ,  276 ,  278 ,  280 ,  282 ,  285 
,Speed,,  203 ,  205 ,  207 ,  210 ,  211 ,  212 ,  213 ,  214 ,  216 ,  217 ,  219 ,  221 ,  224 ,  226 ,  227 ,  228 ,  229 ,  230 ,  232 ,  234 ,  235 ,  237 ,  240 ,  243 ,  243 ,  244 ,  245 ,  246 ,  248 ,  250 ,  252 ,  253 ,  256 
,Critical,,  203 ,  205 ,  207 ,  210 ,  211 ,  212 ,  213 ,  214 ,  216 ,  217 ,  219 ,  221 ,  224 ,  226 ,  227 ,  228 ,  229 ,  230 ,  232 ,  234 ,  235 ,  237 ,  240 ,  243 ,  243 ,  244 ,  245 ,  246 ,  248 ,  250 ,  252 ,  253 ,  256 
,Evasion,,  203 ,  205 ,  207 ,  210 ,  211 ,  212 ,  213 ,  214 ,  216 ,  217 ,  219 ,  221 ,  224 ,  226 ,  227 ,  228 ,  229 ,  230 ,  232 ,  234 ,  235 ,  237 ,  240 ,  243 ,  243 ,  244 ,  245 ,  246 ,  248 ,  250 ,  252 ,  253 ,  256 
,,,,,,,,,,,,,,,,,,,,,,,,,,,,,,,,,,,
,,,,,,,,,,,,,,,,,,,,,,,,,,,,,,,,,,,
// Testing... Following numbers was me casting Bewildering Grace  (at 3 boost point) and recording all events happening to get an idea how frequent each one happens,,,,,,,,,,,,,,,,,,,,,,,,,,,,,,,,,,,
Bewildering Grace,,,3xBP,,,,,,Nb of occurence,Current odds,,,,,,,,,,,,,,,,,,,,,,,,,
,The dance had no effect...,,,,,,,,88,4.51%,,,,,,,,,,,,,,,,,,,,,,,,,
,You recover a small amount of HP.,,,,,,,,153,7.85%,,,,,,,,,,,,,,,,,,,,,,,,,
,SP recovered!,,,,,,,,74,3.79%,,,,,,,,,,,,,,,,,,,,,,,,,
,Filled the latent power gauge of all allies!,,,,,,,,68,3.49%,,,,,,,,,,,,,,,,,,,,,,,,,
,Completely filled the latent power gauge of all allies!,,,,,,,,50,2.56%,,,,,,,,,,,,,,,,,,,,,,,,,
,BP recovered!,,,,,,,,61,3.13%,,,,,,,,,,,,,,,,,,,,,,,,,
,BP fully restored!,,,,,,,,35,1.79%,,,,,,,,,,,,,,,,,,,,,,,,,
,Completely recovered!,,,,,,,,25,1.28%,,,,,,,,,,,,,,,,,,,,,,,,,
,"1,000$ rain down from above!",,,,,,,,74,3.79%,,,,,,,,,,,,,,,,,,,,,,,,,
,"10,000$ rain down from above!",,,,,,,,34,1.74%,,,,,,,,,,,,,,,,,,,,,,,,,
,Exp x 2!,,,,,,,,40,2.05%,,,,,,,,,,,,,,,,,,,,,,,,,
,Exp x 5!,,,,,,,,44,2.26%,// this is odd but this time around Exp x5 happens as often as X2 multiplier,,,,,,,,,,,,,,,,,,,,,,,,
,Exp x 100!,,,,,,,,1,0.05%,,,,,,,,,,,,,,,,,,,,,,,,,
,JP x 2!,,,,,,,,36,1.85%,,,,,,,,,,,,,,,,,,,,,,,,,
,JP x 5!,,,,,,,,23,1.18%,,,,,,,,,,,,,,,,,,,,,,,,,
,JP x 100!,,,,,,,,2,0.10%,,,,,,,,,,,,,,,,,,,,,,,,,
,You feel a boost of strength!,,,,,,,,80,4.10%,,,,,,,,,,,,,,,,,,,,,,,,,
,You are protected by a mysterious power...,,,,,,,,37,1.90%,,,,,,,,,,,,,,,,,,,,,,,,,
,Enemy Shield Points reduced by 10!,,,,,,,,16,0.82%,,,,,,,,,,,,,,,,,,,,,,,,,
,Act again at the end of the turn!,,,,,,,,40,2.05%,,,,,,,,,,,,,,,,,,,,,,,,,
,Fireballs rain down from the heavens!,,,,,,,,39,2.00%,,,,,,,,,,,,,,,,,,,,,,,,,
,A bolt of lightning strikes the enemy!,,,,,,,,79,4.05%,,,,,,,,,,,,,,,,,,,,,,,,,
,Light cascades down from above...,,,,,,,,35,1.79%,,,,,,,,,,,,,,,,,,,,,,,,,
,A monster appeared!,,,,,,,,77,3.95%,// Exploding Fist,,,,,,,,,,,,,,,,,,,,,,,,
,You tried to summon a rare fiend...,,,,,,,,14,0.72%,,,,,,,,,,,,,,,,,,,,,,,,,
// negative effect next,,,,,,,,,,,,,,,,,,,,,,,,,,,,,,,,,,,
,The ground explodes!,,,,,,,,82,4.21%,,,,,,,,,,,,,,,,,,,,,,,,,
,A tempest howls!,,,,,,,,32,1.64%,,,,,,,,,,,,,,,,,,,,,,,,,
,The fire rages uncontrollably.,,,,,,,,84,4.31%,,,,,,,,,,,,,,,,,,,,,,,,,
,You barely survive the attack...,,,,,,,,18,0.92%,,,,,,,,,,,,,,,,,,,,,,,,,
,You hear the whisper of death in the air...,,,,,,,,32,1.64%,,,,,,,,,,,,,,,,,,,,,,,,,
,SP reduced to 0.,,,,,,,,69,3.54%,,,,,,,,,,,,,,,,,,,,,,,,,
,Depleted the latent power gauge of all allies!,,,,,,,,41,2.10%,,,,,,,,,,,,,,,,,,,,,,,,,
,BP depleted!,,,,,,,,37,1.90%,,,,,,,,,,,,,,,,,,,,,,,,,
,You are enveloped in mist...,,,,,,,,91,4.67%,,,,,,,,,,,,,,,,,,,,,,,,,
,A toxic cloud consumes your party!,,,,,,,,42,2.15%,,,,,,,,,,,,,,,,,,,,,,,,,
,Your defenses weaken...,,,,,,,,73,3.74%,,,,,,,,,,,,,,,,,,,,,,,,,
,Attribute-raising effects changed to attribute-reducing effects!,,,,,,,,27,1.38%,,,,,,,,,,,,,,,,,,,,,,,,,
,Your items lay scattered on the ground...,,,,,,,,50,2.56%,,,,,,,,,,,,,,,,,,,,,,,,,
,A monster appeared!,,,,,,,,47,2.41%,// Your foe appears revitalized...,,,,,,,,,,,,,,,,,,,,,,,,
,,,,,,,,Total,1950,,,,,,,,,,,,,,,,,,,,,,,,,,